category,screen,object,property,en,es,suggested_es,suggestion_from,similarity,internal_id
<HMI screen>,ENG_Automatic,Text field_12,Text,Enter Program Number,Ingrese número de programa,,,,n/fiIMPodCJHUZtr3ddTszBEeIWAgtikKuKlhseZxdqrRtsmxLK+9M6S1UsgtILTpWDoZLIRIN0FDzcSJSsDAimdAddl6Q4U5yoxYgDk0rYFzEElj6855inznkKy0gcQDVyDtW4LF/HTp4POE9dId4mOCZE2JLEBs62LeGnSlPcKM1DgmCvcMKs331bq9y5zSFFhjTFjyHW7b/45mkzcSKdS+dEeYGcd9l9Ld+skVqopfg/zcJZMDJ67ksALTTZ3Ub5aqp3RJJf0JmzJu1pHMg==
<HMI screen>,ENG_Automatic,Button_2,Text OFF,Fast Run,Ciclo rápido,,,,n/fiIMPodCJHUZtr3ddTszBEeIWAgtikKuKlhseZxdqrRtsmxLK+9M6S1UsgtILTpWDoZLIRIN0FDzcSJSsDAimdAddl6Q4U5yoxYgDk0rYFzEElj6855inznkKy0gcQDVyDtW4LF/HTp4POE9dId4mOCZE2JLEBs62LeGnSlPcKM1DgmCvcMKs331bq9y5zdZas3VfwE/HnlXw3bgY9fHa+pt+k8j8J8raMKbMzBL0Fvzn6ggk1u3z6uyN4fgK/k5ydGnOZiO4JnXw4gkDNew==
<HMI screen>,ENG_Automatic,Text field_4,Text,Feedrate:,Avance:,,,,n/fiIMPodCJHUZtr3ddTszBEeIWAgtikKuKlhseZxdqrRtsmxLK+9M6S1UsgtILTpWDoZLIRIN0FDzcSJSsDAimdAddl6Q4U5yoxYgDk0rYFzEElj6855inznkKy0gcQDVyDtW4LF/HTp4POE9dId4mOCZE2JLEBs62LeGnSlPcKM1DgmCvcMKs331bq9y5z4mkHWFx/aD4icYzLdV6hNaU3CqTlZrkiTtOjIZwxf+bGtMV81mJm9fDEMHUx0HSF9CPUmplcRA0mmzJFxcTm/w==
<HMI screen>,ENG_Automatic,Button_2,Text ON,Text,Text,,,,n/fiIMPodCJHUZtr3ddTszBEeIWAgtikKuKlhseZxdqrRtsmxLK+9M6S1UsgtILTpWDoZLIRIN0FDzcSJSsDAimdAddl6Q4U5yoxYgDk0rYFzEElj6855inznkKy0gcQDVyDtW4LF/HTp4POE9dId4mOCZE2JLEBs62LeGnSlPcKM1DgmCvcMKs331bq9y5zPoml2rBXm6+A/jsw7s21ZqFbs4wuQsxJ9mW5Exczs2bDQE65y9i5F9mtiT90XBCO77I9/iBrUcSLwqKZo65eZA==
<HMI screen>,ENG_Language,Template_Button_4,Text OFF,Auto,Auto,,,,n/fiIMPodCJHUZtr3ddTszBEeIWAgtikKuKlhseZxdqrRtsmxLK+9M6S1UsgtILTpWDoZLIRIN0FDzcSJSsDAimdAddl6Q4U5yoxYgDk0rYFzEElj6855inznkKy0gcQDVyDtW4LF/HTp4POE9dId4mOCZE2JLEBs62LeGnSlPcKM1DgmCvcMKs331bq9y5ztIbo7Hvu1g/wRTvy2uMYzkKeaiMP/k7ZuS5mCQL57Jvjyo+DISaDdzrmdF3ePSfkh6YRzRUOUnTIIE6C3qG9zA==
<HMI screen>,ENG_Language,Template_Button_5,Text OFF,Manual,Manual,,,,n/fiIMPodCJHUZtr3ddTszBEeIWAgtikKuKlhseZxdqrRtsmxLK+9M6S1UsgtILTpWDoZLIRIN0FDzcSJSsDAimdAddl6Q4U5yoxYgDk0rYFzEElj6855inznkKy0gcQDVyDtW4LF/HTp4POE9dId4mOCZE2JLEBs62LeGnSlPcKM1DgmCvcMKs331bq9y5z3pek1JdnAdoSLEKYnKar5n9NkF6fBDP9IHshcgY6qBCzn5M51txWVTQH9lMOfYldNundodMAP08PhBCOUb79dw==
<HMI screen>,ENG_Language,Start screen,Text OFF,Start screen,Pantalla inicial,,,,n/fiIMPodCJHUZtr3ddTszBEeIWAgtikKuKlhseZxdqrRtsmxLK+9M6S1UsgtILTpWDoZLIRIN0FDzcSJSsDAimdAddl6Q4U5yoxYgDk0rYFzEElj6855inznkKy0gcQDVyDtW4LF/HTp4POE9dId4mOCZE2JLEBs62LeGnSlPcKM1DgmCvcMKs331bq9y5zPBbWMsrIlP3wbK1fbNLuy01x+soNKhF8pbxJy/JHkp07BEUvFitTmmJPBPFBdNMgbDe2BYWNGQkpgv44M2T3Zw==
<HMI screen>,ENG_Language,Start screen,Text ON,Start screen,Pantalla inicial,,,,n/fiIMPodCJHUZtr3ddTszBEeIWAgtikKuKlhseZxdqrRtsmxLK+9M6S1UsgtILTpWDoZLIRIN0FDzcSJSsDAimdAddl6Q4U5yoxYgDk0rYFzEElj6855inznkKy0gcQDVyDtW4LF/HTp4POE9dId4mOCZE2JLEBs62LeGnSlPcKM1DgmCvcMKs331bq9y5zTEmfyy3/jpzcl1r8F/LsnNos5fEw3Bs29fUMiWpt/fk6yMKqYqi4+30O7Cxdzp9f0x7tTHbhKn2hVsrX4sjXEQ==
<HMI screen>,ENG_Manual,Button_17,Text OFF,MDI,MDI,,,,n/fiIMPodCJHUZtr3ddTszBEeIWAgtikKuKlhseZxdqrRtsmxLK+9M6S1UsgtILTpWDoZLIRIN0FDzcSJSsDAimdAddl6Q4U5yoxYgDk0rYFzEElj6855inznkKy0gcQDVyDtW4LF/HTp4POE9dId4mOCZE2JLEBs62LeGnSlPcKM1DgmCvcMKs331bq9y5zupu4PBvvn+OHhtDsxYIHzS4J6QA9krkx0UNvGoNqaYOhLHou7O6rjw+rsutchoa/IVcTQGZnG9JcK8uj/PlWrw==
<HMI screen>,ENG_Manual,Button_16,Text OFF,Power,Potencia,,,,n/fiIMPodCJHUZtr3ddTszBEeIWAgtikKuKlhseZxdqrRtsmxLK+9M6S1UsgtILTpWDoZLIRIN0FDzcSJSsDAimdAddl6Q4U5yoxYgDk0rYFzEElj6855inznkKy0gcQDVyDtW4LF/HTp4POE9dId4mOCZE2JLEBs62LeGnSlPcKM1DgmCvcMKs331bq9y5zpb36Q/fRdS3aZLItz8ik8DuN6Mwz8X3b+YYPAjzr6Ukbyspwf7LoKdIvM7+UHMIM67Ff6ibvM3q/BSvtjLuKzA==
<HMI screen>,ENG_Manual,Button_16,Text ON,Text,Text,,,,n/fiIMPodCJHUZtr3ddTszBEeIWAgtikKuKlhseZxdqrRtsmxLK+9M6S1UsgtILTpWDoZLIRIN0FDzcSJSsDAimdAddl6Q4U5yoxYgDk0rYFzEElj6855inznkKy0gcQDVyDtW4LF/HTp4POE9dId4mOCZE2JLEBs62LeGnSlPcKM1DgmCvcMKs331bq9y5zhWYn6WIqOIvYca5LbChbtZuPa/WHqJvcgnD6lqkzBGNAf+NZ0FkpdOXUgTr2BhX9fh90RlFUYI3rKXQfm9Uv8A==
<HMI screen>,ENG_Manual,Button_3,Text ON,Text,Text,,,,n/fiIMPodCJHUZtr3ddTszBEeIWAgtikKuKlhseZxdqrRtsmxLK+9M6S1UsgtILTpWDoZLIRIN0FDzcSJSsDAimdAddl6Q4U5yoxYgDk0rYFzEElj6855inznkKy0gcQDVyDtW4LF/HTp4POE9dId4mOCZE2JLEBs62LeGnSlPcKM1DgmCvcMKs331bq9y5zBGKfBN4yW5AJyWJ0Z2m/cqUl9P2/hRO4X6owMGwGHUVmQnH35lfeV8Pgu/bB5aa11lSgmTNxWnUQ+hq/j9YzTw==
<HMI screen>,ENG_Manual,Button_5,Text ON,Text,Text,,,,n/fiIMPodCJHUZtr3ddTszBEeIWAgtikKuKlhseZxdqrRtsmxLK+9M6S1UsgtILTpWDoZLIRIN0FDzcSJSsDAimdAddl6Q4U5yoxYgDk0rYFzEElj6855inznkKy0gcQDVyDtW4LF/HTp4POE9dId4mOCZE2JLEBs62LeGnSlPcKM1DgmCvcMKs331bq9y5zDeaGeegdG3PrChEp2lFgs3TGVhw+YU3bLNIwrTu8ZyN4t5DNPFWsSEfYkqKAb+EztNDQXBmlzRCBZ8FQ7i59nA==
<HMI screen>,ENG_Manual,Button_6,Text ON,Text,Text,,,,n/fiIMPodCJHUZtr3ddTszBEeIWAgtikKuKlhseZxdqrRtsmxLK+9M6S1UsgtILTpWDoZLIRIN0FDzcSJSsDAimdAddl6Q4U5yoxYgDk0rYFzEElj6855inznkKy0gcQDVyDtW4LF/HTp4POE9dId4mOCZE2JLEBs62LeGnSlPcKM1DgmCvcMKs331bq9y5zvFuAbmscSpdABH2AKlgNeHOEOWJzk/l682YGzKUq9xzzVxfMbORTVH5zuXQ81xjXTTQ8ZpcpKN6dYMpwda+KTQ==
<HMI screen>,ENG_Manual,Button_7,Text ON,Text,Text,,,,n/fiIMPodCJHUZtr3ddTszBEeIWAgtikKuKlhseZxdqrRtsmxLK+9M6S1UsgtILTpWDoZLIRIN0FDzcSJSsDAimdAddl6Q4U5yoxYgDk0rYFzEElj6855inznkKy0gcQDVyDtW4LF/HTp4POE9dId4mOCZE2JLEBs62LeGnSlPcKM1DgmCvcMKs331bq9y5zd/MYypJYyJ0c6bJFG+umdMUlNGcV42idnWWA3OkLkT974DbRNXzcfl/w09RiUEQnkfXhsaJYlGT9TQelQsb7KA==
<HMI screen>,ENG_Manual,Button_8,Text ON,Text,Text,,,,n/fiIMPodCJHUZtr3ddTszBEeIWAgtikKuKlhseZxdqrRtsmxLK+9M6S1UsgtILTpWDoZLIRIN0FDzcSJSsDAimdAddl6Q4U5yoxYgDk0rYFzEElj6855inznkKy0gcQDVyDtW4LF/HTp4POE9dId4mOCZE2JLEBs62LeGnSlPcKM1DgmCvcMKs331bq9y5z/Go/0Zxss1kmPzW3sSV9NcSNpHGywBkmYRfgcKCH8OLztgxxEtYEUMl623b6QV3Z7rjZGWR0aSFPtxQCswU/NA==
<HMI screen>,ENG_Manual,Button_17,Text ON,Text,Text,,,,n/fiIMPodCJHUZtr3ddTszBEeIWAgtikKuKlhseZxdqrRtsmxLK+9M6S1UsgtILTpWDoZLIRIN0FDzcSJSsDAimdAddl6Q4U5yoxYgDk0rYFzEElj6855inznkKy0gcQDVyDtW4LF/HTp4POE9dId4mOCZE2JLEBs62LeGnSlPcKM1DgmCvcMKs331bq9y5zXmSOvysFNYUq68T2QVonIcM5sn9+XauwM60PW+rOPe2sw6lQ7NiRZXfoQLfv65WSZjB9h/2WSy1sG2/eSp6DKA==
<HMI screen>,ENG_Manual_Cyl,Button_17,Text OFF,MDI,MDI,,,,n/fiIMPodCJHUZtr3ddTszBEeIWAgtikKuKlhseZxdqrRtsmxLK+9M6S1UsgtILTpWDoZLIRIN0FDzcSJSsDAimdAddl6Q4U5yoxYgDk0rYFzEElj6855inznkKy0gcQDVyDtW4LF/HTp4POE9dId4mOCZE2JLEBs62LeGnSlPcKM1DgmCvcMKs331bq9y5zaL0kmoMOortjsMXtQ4v7fpEd9/zHfJFS2opTM+dAsI0MQ0lluWIuossGrF+DmsIPS3uXwD7bQG7hS2IuqkRB0g==
<HMI screen>,ENG_Manual_Cyl,Button_5,Text OFF,PUSH,PULSAR,,,,n/fiIMPodCJHUZtr3ddTszBEeIWAgtikKuKlhseZxdqrRtsmxLK+9M6S1UsgtILTpWDoZLIRIN0FDzcSJSsDAimdAddl6Q4U5yoxYgDk0rYFzEElj6855inznkKy0gcQDVyDtW4LF/HTp4POE9dId4mOCZE2JLEBs62LeGnSlPcKM1DgmCvcMKs331bq9y5ztZeT4SaCKgoXoLisYFL96EQsOW4DYhxEmm4tj2ujUaEDId76tl7QBLa2YyUjEaeG3FE//cNdIjuuAGW/chjRUA==
<HMI screen>,ENG_Manual_Cyl,Button_16,Text OFF,Power,Potencia,,,,n/fiIMPodCJHUZtr3ddTszBEeIWAgtikKuKlhseZxdqrRtsmxLK+9M6S1UsgtILTpWDoZLIRIN0FDzcSJSsDAimdAddl6Q4U5yoxYgDk0rYFzEElj6855inznkKy0gcQDVyDtW4LF/HTp4POE9dId4mOCZE2JLEBs62LeGnSlPcKM1DgmCvcMKs331bq9y5zsvHv9buCxH1stqQJhAUpiGz7gZlrtsjcakTOTrDguHZY3yOEXxOl+6r9gAjgB6zjSSveqmvjs1lnnZSBdZSjmg==
<HMI screen>,ENG_Manual_Cyl,Button_17,Text ON,Text,Text,,,,n/fiIMPodCJHUZtr3ddTszBEeIWAgtikKuKlhseZxdqrRtsmxLK+9M6S1UsgtILTpWDoZLIRIN0FDzcSJSsDAimdAddl6Q4U5yoxYgDk0rYFzEElj6855inznkKy0gcQDVyDtW4LF/HTp4POE9dId4mOCZE2JLEBs62LeGnSlPcKM1DgmCvcMKs331bq9y5zBDfmJ9XD/B7bTIDVpJh7hDImTX2SdiVfYu2GRU5ASMzu4B8qTo6AIIwPlxdOJZCDDR4L13FYzM7RfQp5NuA60A==
<HMI screen>,ENG_Manual_Cyl,Button_7,Text ON,Text,Text,,,,n/fiIMPodCJHUZtr3ddTszBEeIWAgtikKuKlhseZxdqrRtsmxLK+9M6S1UsgtILTpWDoZLIRIN0FDzcSJSsDAimdAddl6Q4U5yoxYgDk0rYFzEElj6855inznkKy0gcQDVyDtW4LF/HTp4POE9dId4mOCZE2JLEBs62LeGnSlPcKM1DgmCvcMKs331bq9y5zZ1+U6kd2dD7KGHzeqRIS+MUHF4NU/qw1RA1dfcgDJUlO1FuWfkKBcFvm0XRv0FSUnN600HE0E1W2jCQByZbCDQ==
<HMI screen>,ENG_Manual_Cyl,Button_8,Text ON,Text,Text,,,,n/fiIMPodCJHUZtr3ddTszBEeIWAgtikKuKlhseZxdqrRtsmxLK+9M6S1UsgtILTpWDoZLIRIN0FDzcSJSsDAimdAddl6Q4U5yoxYgDk0rYFzEElj6855inznkKy0gcQDVyDtW4LF/HTp4POE9dId4mOCZE2JLEBs62LeGnSlPcKM1DgmCvcMKs331bq9y5zi+oEO1QZvBO3tTuLwHchW0uAGqnvQsPhKRf8TtCi1kDXaHixVjd83jvG3kNkq3n1RAxjm0n6gCK+C2PU5Ibi5A==
<HMI screen>,ENG_Manual_Cyl,Button_16,Text ON,Text,Text,,,,n/fiIMPodCJHUZtr3ddTszBEeIWAgtikKuKlhseZxdqrRtsmxLK+9M6S1UsgtILTpWDoZLIRIN0FDzcSJSsDAimdAddl6Q4U5yoxYgDk0rYFzEElj6855inznkKy0gcQDVyDtW4LF/HTp4POE9dId4mOCZE2JLEBs62LeGnSlPcKM1DgmCvcMKs331bq9y5zoq48J6MBmddwmuBq85EPj54znp41vufOMnyvHGLZyy8WyHSu2pDarRud3nJeb4XToxnXZRh9BAxzMbM/b2hVnw==
<HMI screen>,ENG_Manual_Cyl,Button_5,Text ON,Text,Text,,,,n/fiIMPodCJHUZtr3ddTszBEeIWAgtikKuKlhseZxdqrRtsmxLK+9M6S1UsgtILTpWDoZLIRIN0FDzcSJSsDAimdAddl6Q4U5yoxYgDk0rYFzEElj6855inznkKy0gcQDVyDtW4LF/HTp4POE9dId4mOCZE2JLEBs62LeGnSlPcKM1DgmCvcMKs331bq9y5zCBD9UBV8X24xFzVgUcOPNTitaQb5aSfcZ1pMBnS2sUFp3vEzgsTnXK7+It1CN5XowgfWpzDmQKpoTe+bM4SvSA==
<HMI screen>,ENG_Manual_Cyl_legacy,Text field_17,Text, 0    No sensor, 0    Sin sensor,,,,n/fiIMPodCJHUZtr3ddTszBEeIWAgtikKuKlhseZxdqrRtsmxLK+9M6S1UsgtILTpWDoZLIRIN0FDzcSJSsDAimdAddl6Q4U5yoxYgDk0rYFzEElj6855inznkKy0gcQDVyDtW4LF/HTp4POE9dId4mOCZE2JLEBs62LeGnSlPcKM1DgmCvcMKs331bq9y5z+T9YjXjusNFncbyIxRGjHxsGW5rS8+1YkN/cJc/2G2IdNmjJNLQxEWfm661FHzg2TvGx/6VbYHFdTh+edAPZqg==
<HMI screen>,ENG_Manual_Cyl_legacy,Text field_18,Text, 1    Magnetic switch, 1    Interruptor magnético,,,,n/fiIMPodCJHUZtr3ddTszBEeIWAgtikKuKlhseZxdqrRtsmxLK+9M6S1UsgtILTpWDoZLIRIN0FDzcSJSsDAimdAddl6Q4U5yoxYgDk0rYFzEElj6855inznkKy0gcQDVyDtW4LF/HTp4POE9dId4mOCZE2JLEBs62LeGnSlPcKM1DgmCvcMKs331bq9y5z8lOpFB5QUBBKgj4zDHVxsNyS8CL2uba2JFj4GrGpKD7cL8kLmOC0DHcoQknpMYDxN5+z1h9kFRdy8y2ndQj/jw==
<HMI screen>,ENG_Manual_Cyl_legacy,Text field_19,Text, 2    Linear ruler, 2    Regla lineal,,,,n/fiIMPodCJHUZtr3ddTszBEeIWAgtikKuKlhseZxdqrRtsmxLK+9M6S1UsgtILTpWDoZLIRIN0FDzcSJSsDAimdAddl6Q4U5yoxYgDk0rYFzEElj6855inznkKy0gcQDVyDtW4LF/HTp4POE9dId4mOCZE2JLEBs62LeGnSlPcKM1DgmCvcMKs331bq9y5zDDq6Lraa0Ia6tpw/eQJLx7Gq+HM3zL8snrrFQ6Kg7EwGZ/tL3iG/1cwfVKOSAjOJyyfCz00FKKTXc+fLL2VmsQ==
<HMI screen>,ENG_Manual_Cyl_legacy,Button_2,Text OFF,Apply,Aplicar,,,,n/fiIMPodCJHUZtr3ddTszBEeIWAgtikKuKlhseZxdqrRtsmxLK+9M6S1UsgtILTpWDoZLIRIN0FDzcSJSsDAimdAddl6Q4U5yoxYgDk0rYFzEElj6855inznkKy0gcQDVyDtW4LF/HTp4POE9dId4mOCZE2JLEBs62LeGnSlPcKM1DgmCvcMKs331bq9y5zt9eh9eHULjqGWWsfFn2rmjkwlFUNrGAaVQ6V6IsmXgP3+CvTFoOqWYSqBvACYRi5l1TH6OEIZ7sKYGEJe/yIYg==
<HMI screen>,ENG_Manual_Cyl_legacy,Template_Button_4,Text OFF,Auto,Auto,,,,n/fiIMPodCJHUZtr3ddTszBEeIWAgtikKuKlhseZxdqrRtsmxLK+9M6S1UsgtILTpWDoZLIRIN0FDzcSJSsDAimdAddl6Q4U5yoxYgDk0rYFzEElj6855inznkKy0gcQDVyDtW4LF/HTp4POE9dId4mOCZE2JLEBs62LeGnSlPcKM1DgmCvcMKs331bq9y5zyKM97Rgn0L7F2GCrWg61BPwbwZP53gtiC5jXlzQFFOKr16jwtxjPQYsp96tGWrQuHma14eMTiii1D2pW97Keow==
<HMI screen>,ENG_Manual_Cyl_legacy,Text field_1,Text,CYL,CIL,,,,n/fiIMPodCJHUZtr3ddTszBEeIWAgtikKuKlhseZxdqrRtsmxLK+9M6S1UsgtILTpWDoZLIRIN0FDzcSJSsDAimdAddl6Q4U5yoxYgDk0rYFzEElj6855inznkKy0gcQDVyDtW4LF/HTp4POE9dId4mOCZE2JLEBs62LeGnSlPcKM1DgmCvcMKs331bq9y5zbBZ/wAcbetN66a9X2rIT7ve4iRJ8eFGT+tW751c0v3FoQcfHxiip/cf0cZR4MEglwzSglwWDb/kkQc3BjolAdg==
<HMI screen>,ENG_Manual_Cyl_legacy,Text field_2,Text,GO,IR,,,,n/fiIMPodCJHUZtr3ddTszBEeIWAgtikKuKlhseZxdqrRtsmxLK+9M6S1UsgtILTpWDoZLIRIN0FDzcSJSsDAimdAddl6Q4U5yoxYgDk0rYFzEElj6855inznkKy0gcQDVyDtW4LF/HTp4POE9dId4mOCZE2JLEBs62LeGnSlPcKM1DgmCvcMKs331bq9y5zfWF/d03dh2W8InDfuJPjbAe5H+RWDQVIgQbh8aRc37ci0rloFP4UpBrJ6ny/ahXFO6lUWvsPsci7ykujeAbaVQ==
<HMI screen>,ENG_Manual_Cyl_legacy,Button_17,Text OFF,MDI,MDI,,,,n/fiIMPodCJHUZtr3ddTszBEeIWAgtikKuKlhseZxdqrRtsmxLK+9M6S1UsgtILTpWDoZLIRIN0FDzcSJSsDAimdAddl6Q4U5yoxYgDk0rYFzEElj6855inznkKy0gcQDVyDtW4LF/HTp4POE9dId4mOCZE2JLEBs62LeGnSlPcKM1DgmCvcMKs331bq9y5z/HwdDMz2cADLGjDbBLUzs52WgwFs8UdaRdF6H/T7LW9z/Dpg3JNk+lOgEs35K5Z2hAzs5EQXNyzC1fnKyHkcOA==
<HMI screen>,ENG_Manual_Cyl_legacy,Text field_9,Text,MEASURE,MEDIR,,,,n/fiIMPodCJHUZtr3ddTszBEeIWAgtikKuKlhseZxdqrRtsmxLK+9M6S1UsgtILTpWDoZLIRIN0FDzcSJSsDAimdAddl6Q4U5yoxYgDk0rYFzEElj6855inznkKy0gcQDVyDtW4LF/HTp4POE9dId4mOCZE2JLEBs62LeGnSlPcKM1DgmCvcMKs331bq9y5zua9TFy46OtDoI0QC1W5/sv18IAN6b1Ehi29LsOq73T8g1Yn+SHKe0k7Yc49rVJnCQFoKEnk7IWBWSuzdGsDOvg==
<HMI screen>,ENG_Manual_Cyl_legacy,Template_Button_5,Text OFF,Manual,Manual,,,,n/fiIMPodCJHUZtr3ddTszBEeIWAgtikKuKlhseZxdqrRtsmxLK+9M6S1UsgtILTpWDoZLIRIN0FDzcSJSsDAimdAddl6Q4U5yoxYgDk0rYFzEElj6855inznkKy0gcQDVyDtW4LF/HTp4POE9dId4mOCZE2JLEBs62LeGnSlPcKM1DgmCvcMKs331bq9y5zfj5Ou6izy8urLMj4+KuWn+6dgsqDPieAUfpcVlL9oy+RKvNjEEoHq4cC+ZSr7s/6MYvmO2CFTzLLj87YRbl0kg==
<HMI screen>,ENG_Manual_Cyl_legacy,Text field_12,Text,Max Pos,Pos máx,,,,n/fiIMPodCJHUZtr3ddTszBEeIWAgtikKuKlhseZxdqrRtsmxLK+9M6S1UsgtILTpWDoZLIRIN0FDzcSJSsDAimdAddl6Q4U5yoxYgDk0rYFzEElj6855inznkKy0gcQDVyDtW4LF/HTp4POE9dId4mOCZE2JLEBs62LeGnSlPcKM1DgmCvcMKs331bq9y5z7GU+nGoeIjr55ISfx0XKycElyrap6fD8oGFjq+OilcPiiwA9gaCeteKALvfhQrO15Kmv4NtkxRGFcLVW2byuPQ==
<HMI screen>,ENG_Manual_Cyl_legacy,Text field_13,Text,Min Pos,Pos mín,,,,n/fiIMPodCJHUZtr3ddTszBEeIWAgtikKuKlhseZxdqrRtsmxLK+9M6S1UsgtILTpWDoZLIRIN0FDzcSJSsDAimdAddl6Q4U5yoxYgDk0rYFzEElj6855inznkKy0gcQDVyDtW4LF/HTp4POE9dId4mOCZE2JLEBs62LeGnSlPcKM1DgmCvcMKs331bq9y5zDVEi2CzJQzmxJV0TG8eZ3+YQejIJPSv+jNAWAH8MMfLGmmhXjFxY/XzXWniq9BHI1uXeq7knbNWXvrFWxgCmuQ==
<HMI screen>,ENG_Manual_Cyl_legacy,Button_6,Text OFF,PUSH,PULSAR,,,,n/fiIMPodCJHUZtr3ddTszBEeIWAgtikKuKlhseZxdqrRtsmxLK+9M6S1UsgtILTpWDoZLIRIN0FDzcSJSsDAimdAddl6Q4U5yoxYgDk0rYFzEElj6855inznkKy0gcQDVyDtW4LF/HTp4POE9dId4mOCZE2JLEBs62LeGnSlPcKM1DgmCvcMKs331bq9y5zY2CyHMei554d7hfVXt4I3kbLikKcl/uDA9lwtXLzpdiFNNePcjCG+ESqrk/vbq863qeFDpVWhIeESD4kKjLg7Q==
<HMI screen>,ENG_Manual_Cyl_legacy,Button_4,Text OFF,PUSH,PULSAR,,,,n/fiIMPodCJHUZtr3ddTszBEeIWAgtikKuKlhseZxdqrRtsmxLK+9M6S1UsgtILTpWDoZLIRIN0FDzcSJSsDAimdAddl6Q4U5yoxYgDk0rYFzEElj6855inznkKy0gcQDVyDtW4LF/HTp4POE9dId4mOCZE2JLEBs62LeGnSlPcKM1DgmCvcMKs331bq9y5z/M4cEgv2FaunXgY2ErOkNtxIv5j6VNPN6RvJveW0QlXfa5OtxpBYdmwib2E4Vd/nLTPjEiLVRFK/zF4h5cXutg==
<HMI screen>,ENG_Manual_Cyl_legacy,Button_1,Text OFF,PUSH,PULSAR,,,,n/fiIMPodCJHUZtr3ddTszBEeIWAgtikKuKlhseZxdqrRtsmxLK+9M6S1UsgtILTpWDoZLIRIN0FDzcSJSsDAimdAddl6Q4U5yoxYgDk0rYFzEElj6855inznkKy0gcQDVyDtW4LF/HTp4POE9dId4mOCZE2JLEBs62LeGnSlPcKM1DgmCvcMKs331bq9y5zyqDSGZA7boVpzhiPLqdsUYVozbaqMKNrAEpe8tiv0T3wK3vbL6ugicYmraV60f8IVR331jxbukzQrxkcFWn8yw==
<HMI screen>,ENG_Manual_Cyl_legacy,Button_3,Text OFF,PUSH,PULSAR,,,,n/fiIMPodCJHUZtr3ddTszBEeIWAgtikKuKlhseZxdqrRtsmxLK+9M6S1UsgtILTpWDoZLIRIN0FDzcSJSsDAimdAddl6Q4U5yoxYgDk0rYFzEElj6855inznkKy0gcQDVyDtW4LF/HTp4POE9dId4mOCZE2JLEBs62LeGnSlPcKM1DgmCvcMKs331bq9y5zyWXCTNtNb+b9lb+q7UEyYE2xes++xs9PewjPvWxxzGgafoSZiyNowPWs7cqIHbcZmLJK/FPpbQymxA8/b9brmQ==
<HMI screen>,ENG_Manual_Cyl_legacy,Button_5,Text OFF,PUSH,PULSAR,,,,n/fiIMPodCJHUZtr3ddTszBEeIWAgtikKuKlhseZxdqrRtsmxLK+9M6S1UsgtILTpWDoZLIRIN0FDzcSJSsDAimdAddl6Q4U5yoxYgDk0rYFzEElj6855inznkKy0gcQDVyDtW4LF/HTp4POE9dId4mOCZE2JLEBs62LeGnSlPcKM1DgmCvcMKs331bq9y5zZYCTkx6PtPiPVfqyGhKG00P0nkFufylTTcixlRhblPT/y9Z0blz00/nCMEm5XUXLXv+CGdCrERAhQL9ZFCp6ug==
<HMI screen>,ENG_Manual_Cyl_legacy,Button_16,Text OFF,Power,Potencia,,,,n/fiIMPodCJHUZtr3ddTszBEeIWAgtikKuKlhseZxdqrRtsmxLK+9M6S1UsgtILTpWDoZLIRIN0FDzcSJSsDAimdAddl6Q4U5yoxYgDk0rYFzEElj6855inznkKy0gcQDVyDtW4LF/HTp4POE9dId4mOCZE2JLEBs62LeGnSlPcKM1DgmCvcMKs331bq9y5zVOBEN9bsb2AmkMWzH2AeJmOkW6Eu904xWGd0Z3eowXKstDJ0HKaM27RuF+Oa8whNuTsMDd4+y053WINBPc25Bw==
<HMI screen>,ENG_Manual_Cyl_legacy,Text field_6,Text,SET POINT,CONSIGNA,Conjunto POS,SET POS,0.75,n/fiIMPodCJHUZtr3ddTszBEeIWAgtikKuKlhseZxdqrRtsmxLK+9M6S1UsgtILTpWDoZLIRIN0FDzcSJSsDAimdAddl6Q4U5yoxYgDk0rYFzEElj6855inznkKy0gcQDVyDtW4LF/HTp4POE9dId4mOCZE2JLEBs62LeGnSlPcKM1DgmCvcMKs331bq9y5zCUZeUJU6DplzsWtMt/DaBjQnd8PVLtOke5h47/zpN63UAy2gfbk732tjPZmzcDHyoZUCpsJjuQlWTO7iAM3ClQ==
<HMI screen>,ENG_Manual_Cyl_legacy,Start screen,Text OFF,Start screen,Pantalla inicial,,,,n/fiIMPodCJHUZtr3ddTszBEeIWAgtikKuKlhseZxdqrRtsmxLK+9M6S1UsgtILTpWDoZLIRIN0FDzcSJSsDAimdAddl6Q4U5yoxYgDk0rYFzEElj6855inznkKy0gcQDVyDtW4LF/HTp4POE9dId4mOCZE2JLEBs62LeGnSlPcKM1DgmCvcMKs331bq9y5zn45G1A7AyNEKiIg/b//LhWFQ7SDJCOK7WM8SKTMLxGpZ1kif7ahzunTGNqHd4tPXiNb4+Jj5QVXUVF902fUE0w==
<HMI screen>,ENG_Manual_Cyl_legacy,Start screen,Text ON,Start screen,Pantalla inicial,,,,n/fiIMPodCJHUZtr3ddTszBEeIWAgtikKuKlhseZxdqrRtsmxLK+9M6S1UsgtILTpWDoZLIRIN0FDzcSJSsDAimdAddl6Q4U5yoxYgDk0rYFzEElj6855inznkKy0gcQDVyDtW4LF/HTp4POE9dId4mOCZE2JLEBs62LeGnSlPcKM1DgmCvcMKs331bq9y5z/oiFg+DTUtxxYYJtDOpCTVuAlnak/PgOSa6XcYvv3jSLDkQ2CODBBUypylXSVvVK0E0XPy6eHvoD+SDxph0GZA==
<HMI screen>,ENG_Manual_Cyl_legacy,Button_1,Text ON,Text,Text,,,,n/fiIMPodCJHUZtr3ddTszBEeIWAgtikKuKlhseZxdqrRtsmxLK+9M6S1UsgtILTpWDoZLIRIN0FDzcSJSsDAimdAddl6Q4U5yoxYgDk0rYFzEElj6855inznkKy0gcQDVyDtW4LF/HTp4POE9dId4mOCZE2JLEBs62LeGnSlPcKM1DgmCvcMKs331bq9y5zSYGmd+WeKfNxHOLu6l2Cjo/NF1sq4nJEjUpUYYaOVWWW5yaPT0hXRldif3c2IxVBSnJJnwiosjT3eO4HgDQ5nw==
<HMI screen>,ENG_Manual_Cyl_legacy,Button_4,Text ON,Text,Text,,,,n/fiIMPodCJHUZtr3ddTszBEeIWAgtikKuKlhseZxdqrRtsmxLK+9M6S1UsgtILTpWDoZLIRIN0FDzcSJSsDAimdAddl6Q4U5yoxYgDk0rYFzEElj6855inznkKy0gcQDVyDtW4LF/HTp4POE9dId4mOCZE2JLEBs62LeGnSlPcKM1DgmCvcMKs331bq9y5zjhAtNjPZo4+pMWIMAy3Nd0oGQb7pKl9cxisTxK2omBUQ9L5ykNcUK5CR5FuxndrWGrHTxsFDKVJEpuhsCHW2xg==
<HMI screen>,ENG_Manual_Cyl_legacy,Button_6,Text ON,Text,Text,,,,n/fiIMPodCJHUZtr3ddTszBEeIWAgtikKuKlhseZxdqrRtsmxLK+9M6S1UsgtILTpWDoZLIRIN0FDzcSJSsDAimdAddl6Q4U5yoxYgDk0rYFzEElj6855inznkKy0gcQDVyDtW4LF/HTp4POE9dId4mOCZE2JLEBs62LeGnSlPcKM1DgmCvcMKs331bq9y5zFBq8hGk+QZBnfJPgpGZCid4RxZtont1GBb+bUQUqhr0yuajQPFY8mAz7xaoJu2tIvqJ7XqIXagZzNH4d0ami6A==
<HMI screen>,ENG_Manual_Cyl_legacy,Button_2,Text ON,Text,Text,,,,n/fiIMPodCJHUZtr3ddTszBEeIWAgtikKuKlhseZxdqrRtsmxLK+9M6S1UsgtILTpWDoZLIRIN0FDzcSJSsDAimdAddl6Q4U5yoxYgDk0rYFzEElj6855inznkKy0gcQDVyDtW4LF/HTp4POE9dId4mOCZE2JLEBs62LeGnSlPcKM1DgmCvcMKs331bq9y5ze7bY3YN5u9Mre4nU1WQ2VZX2uaIX++aBVY9k+6g2c/2RwYfEcmgvUMm+x4zAKVu3aEFj97H+DbCcXEy4+Htz6A==
<HMI screen>,ENG_Manual_Cyl_legacy,Button_16,Text ON,Text,Text,,,,n/fiIMPodCJHUZtr3ddTszBEeIWAgtikKuKlhseZxdqrRtsmxLK+9M6S1UsgtILTpWDoZLIRIN0FDzcSJSsDAimdAddl6Q4U5yoxYgDk0rYFzEElj6855inznkKy0gcQDVyDtW4LF/HTp4POE9dId4mOCZE2JLEBs62LeGnSlPcKM1DgmCvcMKs331bq9y5zVhk3xVGkvBuEXnn+2VpyKVJr9IPNbB9VC+jsvXRPFGGy2yDATo7icZ07tuj80LqkYh/NKUrAl4BKRwKvyo8n8g==
<HMI screen>,ENG_Manual_Cyl_legacy,Button_3,Text ON,Text,Text,,,,n/fiIMPodCJHUZtr3ddTszBEeIWAgtikKuKlhseZxdqrRtsmxLK+9M6S1UsgtILTpWDoZLIRIN0FDzcSJSsDAimdAddl6Q4U5yoxYgDk0rYFzEElj6855inznkKy0gcQDVyDtW4LF/HTp4POE9dId4mOCZE2JLEBs62LeGnSlPcKM1DgmCvcMKs331bq9y5zkzI548lLWP+VWSRqzJeGIsQ+2oJCHTVyxHD15nqoDP/noLwS4KNE7r+4r1Hx/zDIFzOj9tb2XK1yduyUdClOPw==
<HMI screen>,ENG_Manual_Cyl_legacy,Button_12,Text ON,Text,Text,,,,n/fiIMPodCJHUZtr3ddTszBEeIWAgtikKuKlhseZxdqrRtsmxLK+9M6S1UsgtILTpWDoZLIRIN0FDzcSJSsDAimdAddl6Q4U5yoxYgDk0rYFzEElj6855inznkKy0gcQDVyDtW4LF/HTp4POE9dId4mOCZE2JLEBs62LeGnSlPcKM1DgmCvcMKs331bq9y5zuvVhErCNQJjRnZEGnm6iotx7zfEL5+pqRgm/HPr+2PKjq67FNU+Q1K/QcUjL/w0kbO0IyXck9a+5ATvl9Offtg==
<HMI screen>,ENG_Manual_Cyl_legacy,Button_11,Text ON,Text,Text,,,,n/fiIMPodCJHUZtr3ddTszBEeIWAgtikKuKlhseZxdqrRtsmxLK+9M6S1UsgtILTpWDoZLIRIN0FDzcSJSsDAimdAddl6Q4U5yoxYgDk0rYFzEElj6855inznkKy0gcQDVyDtW4LF/HTp4POE9dId4mOCZE2JLEBs62LeGnSlPcKM1DgmCvcMKs331bq9y5zrN3dRTr19jwANphCVjGY+ZolEp2d9YxQCDEM4T1qWeowyZmY5U7Gp8QVMaIcGZfBPi0OVJ7LbEPwPHdJKx5VUg==
<HMI screen>,ENG_Manual_Cyl_legacy,Button_10,Text ON,Text,Text,,,,n/fiIMPodCJHUZtr3ddTszBEeIWAgtikKuKlhseZxdqrRtsmxLK+9M6S1UsgtILTpWDoZLIRIN0FDzcSJSsDAimdAddl6Q4U5yoxYgDk0rYFzEElj6855inznkKy0gcQDVyDtW4LF/HTp4POE9dId4mOCZE2JLEBs62LeGnSlPcKM1DgmCvcMKs331bq9y5zJVuF+psogdekZzfTqqbmActx0xu8lTShr2L9fm4k9aKAFKb8mR5UaEdVPZ82lm+btoEZSvC80soB0nuLIXkIEg==
<HMI screen>,ENG_Manual_Cyl_legacy,Button_8,Text ON,Text,Text,,,,n/fiIMPodCJHUZtr3ddTszBEeIWAgtikKuKlhseZxdqrRtsmxLK+9M6S1UsgtILTpWDoZLIRIN0FDzcSJSsDAimdAddl6Q4U5yoxYgDk0rYFzEElj6855inznkKy0gcQDVyDtW4LF/HTp4POE9dId4mOCZE2JLEBs62LeGnSlPcKM1DgmCvcMKs331bq9y5za2NFmo/d8zFtGUBkObcjx3soL3S7jRUHUJLvuMgGwEWjs5+uUsKc4unLroYKzun7wMGBVh4He/A+BzOACR0irQ==
<HMI screen>,ENG_Manual_Cyl_legacy,Button_7,Text ON,Text,Text,,,,n/fiIMPodCJHUZtr3ddTszBEeIWAgtikKuKlhseZxdqrRtsmxLK+9M6S1UsgtILTpWDoZLIRIN0FDzcSJSsDAimdAddl6Q4U5yoxYgDk0rYFzEElj6855inznkKy0gcQDVyDtW4LF/HTp4POE9dId4mOCZE2JLEBs62LeGnSlPcKM1DgmCvcMKs331bq9y5zPGHEW2INgvkVeLdLEuFQ66J8VTJj65WlnXsj3id5QXoCr6zsE3VMe534tBOR2+Th0+V3o6VJ/mbINomQ2g71ug==
<HMI screen>,ENG_Manual_Cyl_legacy,Button_9,Text ON,Text,Text,,,,n/fiIMPodCJHUZtr3ddTszBEeIWAgtikKuKlhseZxdqrRtsmxLK+9M6S1UsgtILTpWDoZLIRIN0FDzcSJSsDAimdAddl6Q4U5yoxYgDk0rYFzEElj6855inznkKy0gcQDVyDtW4LF/HTp4POE9dId4mOCZE2JLEBs62LeGnSlPcKM1DgmCvcMKs331bq9y5zOyXgjGWF8ZfK1WbybLtKSBL82RuPH5uysRVWOnSpzAY8FEwqMTAReuL/0GKaqAvlvzGNfuAYK9iiOrk2EZUrmg==
<HMI screen>,ENG_Manual_Cyl_legacy,Button_5,Text ON,Text,Text,,,,n/fiIMPodCJHUZtr3ddTszBEeIWAgtikKuKlhseZxdqrRtsmxLK+9M6S1UsgtILTpWDoZLIRIN0FDzcSJSsDAimdAddl6Q4U5yoxYgDk0rYFzEElj6855inznkKy0gcQDVyDtW4LF/HTp4POE9dId4mOCZE2JLEBs62LeGnSlPcKM1DgmCvcMKs331bq9y5zH0T1lRpuLCQRQ95RE6AwYP0TLCjaHVv8uOP7YC3LIN9+MlvvnUcITDznsictbZp4yUZW0m1STotZrUeRGe94/g==
<HMI screen>,ENG_Manual_Cyl_legacy,Button_17,Text ON,Text,Text,,,,n/fiIMPodCJHUZtr3ddTszBEeIWAgtikKuKlhseZxdqrRtsmxLK+9M6S1UsgtILTpWDoZLIRIN0FDzcSJSsDAimdAddl6Q4U5yoxYgDk0rYFzEElj6855inznkKy0gcQDVyDtW4LF/HTp4POE9dId4mOCZE2JLEBs62LeGnSlPcKM1DgmCvcMKs331bq9y5zqWCC+VUtmktx1lkJ8qc6DHzxPFCmxx2JK3q+irO2O88VXGQWbQXx0TGuyUXB4GDFiLDw8paPaXKqtusTTxIY0w==
<HMI screen>,ENG_Manual_Cyl_legacy,Text field_16,Text,Tolerance,Tolerancia,,,,n/fiIMPodCJHUZtr3ddTszBEeIWAgtikKuKlhseZxdqrRtsmxLK+9M6S1UsgtILTpWDoZLIRIN0FDzcSJSsDAimdAddl6Q4U5yoxYgDk0rYFzEElj6855inznkKy0gcQDVyDtW4LF/HTp4POE9dId4mOCZE2JLEBs62LeGnSlPcKM1DgmCvcMKs331bq9y5zWwewNuP2BSINS1MkkHRIFoDSQoWGUjmo8lYwGqrIw1nk8SibI9dd2t1pz4eractVL5xu9pZIVqxaK4w9DoORhA==
<HMI screen>,ENG_Manual_Cyl_legacy,Text field_5,Text,Tolerance,Tolerancia,,,,n/fiIMPodCJHUZtr3ddTszBEeIWAgtikKuKlhseZxdqrRtsmxLK+9M6S1UsgtILTpWDoZLIRIN0FDzcSJSsDAimdAddl6Q4U5yoxYgDk0rYFzEElj6855inznkKy0gcQDVyDtW4LF/HTp4POE9dId4mOCZE2JLEBs62LeGnSlPcKM1DgmCvcMKs331bq9y5zIi12Fm1XymNUiZoE8JXnofSEehUuucvuhMM6x4b1KsRQlAHDtcHCIiZ4FuhueIR9t3tFHGGN7MzaQ6vqpdbcgw==
<HMI screen>,ENG_Manual_Home,Button_17,Text OFF,MDI,MDI,,,,n/fiIMPodCJHUZtr3ddTszBEeIWAgtikKuKlhseZxdqrRtsmxLK+9M6S1UsgtILTpWDoZLIRIN0FDzcSJSsDAimdAddl6Q4U5yoxYgDk0rYFzEElj6855inznkKy0gcQDVyDtW4LF/HTp4POE9dId4mOCZE2JLEBs62LeGnSlPcKM1DgmCvcMKs331bq9y5zu5t6vwxw3TrcxLEnWd3L7VF3LGRo/MVmnymg2HaUgrl5L77maIQ4aYomklfoR65bWLKGX2nOP8bCgPlpGySCzg==
<HMI screen>,ENG_Manual_Home,Button_16,Text OFF,Power,Potencia,,,,n/fiIMPodCJHUZtr3ddTszBEeIWAgtikKuKlhseZxdqrRtsmxLK+9M6S1UsgtILTpWDoZLIRIN0FDzcSJSsDAimdAddl6Q4U5yoxYgDk0rYFzEElj6855inznkKy0gcQDVyDtW4LF/HTp4POE9dId4mOCZE2JLEBs62LeGnSlPcKM1DgmCvcMKs331bq9y5zga4lSeR1k8Kxey8OfobpuLfww8g39VP1j9MinSCHcvRzTNPW/pkxTu5/4YPLD57d5m/TNM8C6B6k8iSNqwdjXg==
<HMI screen>,ENG_Manual_Home,Button_16,Text ON,Text,Text,,,,n/fiIMPodCJHUZtr3ddTszBEeIWAgtikKuKlhseZxdqrRtsmxLK+9M6S1UsgtILTpWDoZLIRIN0FDzcSJSsDAimdAddl6Q4U5yoxYgDk0rYFzEElj6855inznkKy0gcQDVyDtW4LF/HTp4POE9dId4mOCZE2JLEBs62LeGnSlPcKM1DgmCvcMKs331bq9y5zpRQgpGEfENrdnaezcp/IjNftR4g/SOKL/LDXjjjfcjxqhN6FWg22Wx+8rQDQDUu28OSFfIHv2JzhfIZgztHSJg==
<HMI screen>,ENG_Manual_Home,Button_8,Text ON,Text,Text,,,,n/fiIMPodCJHUZtr3ddTszBEeIWAgtikKuKlhseZxdqrRtsmxLK+9M6S1UsgtILTpWDoZLIRIN0FDzcSJSsDAimdAddl6Q4U5yoxYgDk0rYFzEElj6855inznkKy0gcQDVyDtW4LF/HTp4POE9dId4mOCZE2JLEBs62LeGnSlPcKM1DgmCvcMKs331bq9y5zt1sJOCuF+vnERQxdiwu30OqOWYU68pXgDY/x9zszH+NzJUax6iExSGmKq51d7fhONSPPDecnLwr/yZ64r3QeaA==
<HMI screen>,ENG_Manual_Home,Button_7,Text ON,Text,Text,,,,n/fiIMPodCJHUZtr3ddTszBEeIWAgtikKuKlhseZxdqrRtsmxLK+9M6S1UsgtILTpWDoZLIRIN0FDzcSJSsDAimdAddl6Q4U5yoxYgDk0rYFzEElj6855inznkKy0gcQDVyDtW4LF/HTp4POE9dId4mOCZE2JLEBs62LeGnSlPcKM1DgmCvcMKs331bq9y5z2eKkxHWyiMw7wotWTuVbe4VMASnYpsHRODXG4nR7+lcckjeXtPN15TFgRL6o7cEX9jc6kDWUsvPNzoqLL3inSg==
<HMI screen>,ENG_Manual_Home,Button_6,Text ON,Text,Text,,,,n/fiIMPodCJHUZtr3ddTszBEeIWAgtikKuKlhseZxdqrRtsmxLK+9M6S1UsgtILTpWDoZLIRIN0FDzcSJSsDAimdAddl6Q4U5yoxYgDk0rYFzEElj6855inznkKy0gcQDVyDtW4LF/HTp4POE9dId4mOCZE2JLEBs62LeGnSlPcKM1DgmCvcMKs331bq9y5zZtpOuA86A15mCWO7k12WHkOlNtZtUwCnMggF1iu7g9lyb768GAoeE+QzAjRMQ42e2aEBwbpW4See4bbcTLua9Q==
<HMI screen>,ENG_Manual_Home,Button_5,Text ON,Text,Text,,,,n/fiIMPodCJHUZtr3ddTszBEeIWAgtikKuKlhseZxdqrRtsmxLK+9M6S1UsgtILTpWDoZLIRIN0FDzcSJSsDAimdAddl6Q4U5yoxYgDk0rYFzEElj6855inznkKy0gcQDVyDtW4LF/HTp4POE9dId4mOCZE2JLEBs62LeGnSlPcKM1DgmCvcMKs331bq9y5z1ACQ6UDizWEPFJJpXJVniVWHUxznrzIHTdzlGzCbzg4OYV9HvZ8/QQPXSe2efBGFkaZR5TTryPw9XpcPACdytQ==
<HMI screen>,ENG_Manual_Home,Button_17,Text ON,Text,Text,,,,n/fiIMPodCJHUZtr3ddTszBEeIWAgtikKuKlhseZxdqrRtsmxLK+9M6S1UsgtILTpWDoZLIRIN0FDzcSJSsDAimdAddl6Q4U5yoxYgDk0rYFzEElj6855inznkKy0gcQDVyDtW4LF/HTp4POE9dId4mOCZE2JLEBs62LeGnSlPcKM1DgmCvcMKs331bq9y5zvVHijscELOgkUmIoeuieD41vozZNfxBuRAftIJOrtBDeFuJ9Zv4XiZDq18vdUKSj5wiRkV0YQjx1nsy1S9WNEg==
<HMI screen>,ENG_Manual_Jog,Button_18,Text OFF,MDI,MDI,,,,n/fiIMPodCJHUZtr3ddTszBEeIWAgtikKuKlhseZxdqrRtsmxLK+9M6S1UsgtILTpWDoZLIRIN0FDzcSJSsDAimdAddl6Q4U5yoxYgDk0rYFzEElj6855inznkKy0gcQDVyDtW4LF/HTp4POE9dId4mOCZE2JLEBs62LeGnSlPcKM1DgmCvcMKs331bq9y5zFMZ6PDhF9gujim/KaH6K8EJR/OZARDR7IFZIdonBkyQtgfArOtYuZb2hL35NTru6mCZq+MgL8h232ISWqOM5Zw==
<HMI screen>,ENG_Manual_Jog,Button_16,Text OFF,PUSH,PULSAR,,,,n/fiIMPodCJHUZtr3ddTszBEeIWAgtikKuKlhseZxdqrRtsmxLK+9M6S1UsgtILTpWDoZLIRIN0FDzcSJSsDAimdAddl6Q4U5yoxYgDk0rYFzEElj6855inznkKy0gcQDVyDtW4LF/HTp4POE9dId4mOCZE2JLEBs62LeGnSlPcKM1DgmCvcMKs331bq9y5zWUqKQa/Z5Y6K5DD3PyOufbjgv634OeZ70N7rBfU02xei7HOOcdtuF9vb6IknL7ZZj+cmbIowvDwcn84bQrQ66Q==
<HMI screen>,ENG_Manual_Jog,Button_15,Text OFF,PUSH,PULSAR,,,,n/fiIMPodCJHUZtr3ddTszBEeIWAgtikKuKlhseZxdqrRtsmxLK+9M6S1UsgtILTpWDoZLIRIN0FDzcSJSsDAimdAddl6Q4U5yoxYgDk0rYFzEElj6855inznkKy0gcQDVyDtW4LF/HTp4POE9dId4mOCZE2JLEBs62LeGnSlPcKM1DgmCvcMKs331bq9y5zEIAWRAVjmd1IKTGj20kmTiDq8T0oody50oZD8m2OfmI/hXr3u3NPijOupl/Y5EBFI5yqBhlH91z/iLq4nhfCjA==
<HMI screen>,ENG_Manual_Jog,Button_17,Text OFF,Power,Potencia,,,,n/fiIMPodCJHUZtr3ddTszBEeIWAgtikKuKlhseZxdqrRtsmxLK+9M6S1UsgtILTpWDoZLIRIN0FDzcSJSsDAimdAddl6Q4U5yoxYgDk0rYFzEElj6855inznkKy0gcQDVyDtW4LF/HTp4POE9dId4mOCZE2JLEBs62LeGnSlPcKM1DgmCvcMKs331bq9y5zd4aiN9ho2FyJpRHeQ/+Pj9zBXSFW4azrHvWoaq6uf6j0rk13O41bUjC5/DYphNQAuUKVkMHb2LoOz14IewPrng==
<HMI screen>,ENG_Manual_Jog,Button_17,Text ON,Text,Text,,,,n/fiIMPodCJHUZtr3ddTszBEeIWAgtikKuKlhseZxdqrRtsmxLK+9M6S1UsgtILTpWDoZLIRIN0FDzcSJSsDAimdAddl6Q4U5yoxYgDk0rYFzEElj6855inznkKy0gcQDVyDtW4LF/HTp4POE9dId4mOCZE2JLEBs62LeGnSlPcKM1DgmCvcMKs331bq9y5zKznFHfcGQWxSurWMslGY1ryFJXol/Xjxx833Va3G1EIYc0w2iIdT/ip63akVvqP8xkqfke7gRdtIcmpxgwiQsA==
<HMI screen>,ENG_Manual_Jog,Button_18,Text ON,Text,Text,,,,n/fiIMPodCJHUZtr3ddTszBEeIWAgtikKuKlhseZxdqrRtsmxLK+9M6S1UsgtILTpWDoZLIRIN0FDzcSJSsDAimdAddl6Q4U5yoxYgDk0rYFzEElj6855inznkKy0gcQDVyDtW4LF/HTp4POE9dId4mOCZE2JLEBs62LeGnSlPcKM1DgmCvcMKs331bq9y5zhi7WVTOqwAfKDZpPvT64MEQSeM+MAeTxwhu55RT9VzUnO0ARC++uGR8pgELXKo9NXD5OaeRbtMRWxGg/wNvX7Q==
<HMI screen>,ENG_Manual_Jog,Button_15,Text ON,Text,Text,,,,n/fiIMPodCJHUZtr3ddTszBEeIWAgtikKuKlhseZxdqrRtsmxLK+9M6S1UsgtILTpWDoZLIRIN0FDzcSJSsDAimdAddl6Q4U5yoxYgDk0rYFzEElj6855inznkKy0gcQDVyDtW4LF/HTp4POE9dId4mOCZE2JLEBs62LeGnSlPcKM1DgmCvcMKs331bq9y5zeqiOIvE3jfMcFRSwr2rwVcCRC5eI0k4lJXZbshg8/ivi2LRQDom+a7/NrVWsLGB8+RdslIAGrA1vdF45unuFSw==
<HMI screen>,ENG_Manual_Jog,Button_16,Text ON,Text,Text,,,,n/fiIMPodCJHUZtr3ddTszBEeIWAgtikKuKlhseZxdqrRtsmxLK+9M6S1UsgtILTpWDoZLIRIN0FDzcSJSsDAimdAddl6Q4U5yoxYgDk0rYFzEElj6855inznkKy0gcQDVyDtW4LF/HTp4POE9dId4mOCZE2JLEBs62LeGnSlPcKM1DgmCvcMKs331bq9y5zB21bjw/4JH/74V98u3syGzEQSmDU3jZ4ayiRS03khwRvi3L98yUiWLB8937qZXTu6OmZgNtTmrfnGiW3JUAdcg==
<HMI screen>,ENG_Manual_MDI,Template_Button_4,Text OFF,Auto,Auto,,,,n/fiIMPodCJHUZtr3ddTszBEeIWAgtikKuKlhseZxdqrRtsmxLK+9M6S1UsgtILTpWDoZLIRIN0FDzcSJSsDAimdAddl6Q4U5yoxYgDk0rYFzEElj6855inznkKy0gcQDVyDtW4LF/HTp4POE9dId4mOCZE2JLEBs62LeGnSlPcKM1DgmCvcMKs331bq9y5zmaeWNAbQrzD9TuM22kHKlvOjCI4HUPmiN2d+qgnrxg+WTEPyDnvO5EW9KCF0E0sLCp0gtdOAyG7BVVM0paEZ9A==
<HMI screen>,ENG_Manual_MDI,Text field_5,Text,CMD,CMD,,,,n/fiIMPodCJHUZtr3ddTszBEeIWAgtikKuKlhseZxdqrRtsmxLK+9M6S1UsgtILTpWDoZLIRIN0FDzcSJSsDAimdAddl6Q4U5yoxYgDk0rYFzEElj6855inznkKy0gcQDVyDtW4LF/HTp4POE9dId4mOCZE2JLEBs62LeGnSlPcKM1DgmCvcMKs331bq9y5zJS/wiQeaYeP5qArMrw2NBbI4QF3v3o/wFxFQ4ehE9OmAwHa22iRYxo56BqcptotCfp6IfNxmGn6LqeughDP/Sg==
<HMI screen>,ENG_Manual_MDI,Template_Text field_1,Text,Company Name: EMS Metal Working Machinery,Empresa: EMS Metal Working Machinery,,,,n/fiIMPodCJHUZtr3ddTszBEeIWAgtikKuKlhseZxdqrRtsmxLK+9M6S1UsgtILTpWDoZLIRIN0FDzcSJSsDAimdAddl6Q4U5yoxYgDk0rYFzEElj6855inznkKy0gcQDVyDtW4LF/HTp4POE9dId4mOCZE2JLEBs62LeGnSlPcKM1DgmCvcMKs331bq9y5zBmyMggU2BiAZ9ZTt/0W4vrkKYKGHISIds/FZvteSv8x/mNW3BaYIaGagaCMH5pXCtMPX/N6t7ZJSNL7fwPVBTA==
<HMI screen>,ENG_Manual_MDI,Text field_2,Text,Defined Ones,Definidos,,,,n/fiIMPodCJHUZtr3ddTszBEeIWAgtikKuKlhseZxdqrRtsmxLK+9M6S1UsgtILTpWDoZLIRIN0FDzcSJSsDAimdAddl6Q4U5yoxYgDk0rYFzEElj6855inznkKy0gcQDVyDtW4LF/HTp4POE9dId4mOCZE2JLEBs62LeGnSlPcKM1DgmCvcMKs331bq9y5zhImwIaFYzox+OC3se2yaO5aaviaIqq2Cpndpp2MEo/NUECAO+vWkf+jy4iE11uAR4V/Q0MfK59fe1OFknFJFvw==
<HMI screen>,ENG_Manual_MDI,Button_1,Text OFF,Execute,Ejecutar,Ejecutado,Executed,0.93,n/fiIMPodCJHUZtr3ddTszBEeIWAgtikKuKlhseZxdqrRtsmxLK+9M6S1UsgtILTpWDoZLIRIN0FDzcSJSsDAimdAddl6Q4U5yoxYgDk0rYFzEElj6855inznkKy0gcQDVyDtW4LF/HTp4POE9dId4mOCZE2JLEBs62LeGnSlPcKM1DgmCvcMKs331bq9y5zedUiWDT8EytlsltWbmHXBr0LuRNvZ/++5tm/4FKqQZ1/VhDk/vKl5/5uyzTk037rNWDUAjn77eJ/+bp7Ue8X8w==
<HMI screen>,ENG_Manual_MDI,Text field_4,Text,M,M,,,,n/fiIMPodCJHUZtr3ddTszBEeIWAgtikKuKlhseZxdqrRtsmxLK+9M6S1UsgtILTpWDoZLIRIN0FDzcSJSsDAimdAddl6Q4U5yoxYgDk0rYFzEElj6855inznkKy0gcQDVyDtW4LF/HTp4POE9dId4mOCZE2JLEBs62LeGnSlPcKM1DgmCvcMKs331bq9y5zMuaQfSt+Rw5K4QR1TsYPZD2WL5GHS1MYWbY1qUy0zr7UeB50EZKdeEqWhoCLTrFvhqukPcueNlFBpt3dCSixxA==
<HMI screen>,ENG_Manual_MDI,Text field_10,Text,M40 P1 = Back Support Extend,M40 P1 = Extender soporte trasero,,,,n/fiIMPodCJHUZtr3ddTszBEeIWAgtikKuKlhseZxdqrRtsmxLK+9M6S1UsgtILTpWDoZLIRIN0FDzcSJSsDAimdAddl6Q4U5yoxYgDk0rYFzEElj6855inznkKy0gcQDVyDtW4LF/HTp4POE9dId4mOCZE2JLEBs62LeGnSlPcKM1DgmCvcMKs331bq9y5zivKBIpMP0y569sJ/ERqhdfc4TD+zt41lwRt2wHfyAPF/48NX7GGH220RZAJSdU6B3d6MZZJlGep1g9ih7j9dIA==
<HMI screen>,ENG_Manual_MDI,Button_2,Text OFF,M40-P1,M40-P1,,,,n/fiIMPodCJHUZtr3ddTszBEeIWAgtikKuKlhseZxdqrRtsmxLK+9M6S1UsgtILTpWDoZLIRIN0FDzcSJSsDAimdAddl6Q4U5yoxYgDk0rYFzEElj6855inznkKy0gcQDVyDtW4LF/HTp4POE9dId4mOCZE2JLEBs62LeGnSlPcKM1DgmCvcMKs331bq9y5zsq0ixKeGq/ASTf+ZlRlJ5MooLB7kpaIeYqRtQ12vdIvMpZ3b+S/KZjUohZNEMJXbEZDd/EmAc6LtXnWaJH/H/g==
<HMI screen>,ENG_Manual_MDI,Text field_7,Text,M41 P1 = Back Support Relax,M41 P1 = Relajar soporte trasero,,,,n/fiIMPodCJHUZtr3ddTszBEeIWAgtikKuKlhseZxdqrRtsmxLK+9M6S1UsgtILTpWDoZLIRIN0FDzcSJSsDAimdAddl6Q4U5yoxYgDk0rYFzEElj6855inznkKy0gcQDVyDtW4LF/HTp4POE9dId4mOCZE2JLEBs62LeGnSlPcKM1DgmCvcMKs331bq9y5zmrksgeynbAwXyZ4TXNsz3V4/29vIDQZvbN8Ikl7CnzwhXTPKzb8wNo2eY9jZD3QwoMtAZ5DBtQUUPOk5zY0PQg==
<HMI screen>,ENG_Manual_MDI,Text field_8,Text,M41 P2 = Back Support Retract,M41 P2 = Retraer soporte trasero,,,,n/fiIMPodCJHUZtr3ddTszBEeIWAgtikKuKlhseZxdqrRtsmxLK+9M6S1UsgtILTpWDoZLIRIN0FDzcSJSsDAimdAddl6Q4U5yoxYgDk0rYFzEElj6855inznkKy0gcQDVyDtW4LF/HTp4POE9dId4mOCZE2JLEBs62LeGnSlPcKM1DgmCvcMKs331bq9y5zto3PNM9e8+9d/CYyFCe0P+VNpYoEmngT68bjWucAa0Wn8NB0pnCIKg76NvpWZQDYB6nVm8ePjl5F2bzOYKnGPg==
<HMI screen>,ENG_Manual_MDI,Text field_9,Text,M41 P3 = Back Support Reset,M41 P3 = Reiniciar soporte trasero,,,,n/fiIMPodCJHUZtr3ddTszBEeIWAgtikKuKlhseZxdqrRtsmxLK+9M6S1UsgtILTpWDoZLIRIN0FDzcSJSsDAimdAddl6Q4U5yoxYgDk0rYFzEElj6855inznkKy0gcQDVyDtW4LF/HTp4POE9dId4mOCZE2JLEBs62LeGnSlPcKM1DgmCvcMKs331bq9y5zUE/EToZYJNGjBO9LYWgInPngJfhTQ2MFFDTte7BcUlYkYkTY8eaGOO+xZp4urSCRAxeF3XBeylkbMFIHwgBD9w==
<HMI screen>,ENG_Manual_MDI,Button_4,Text OFF,M41-P1,M41-P1,,,,n/fiIMPodCJHUZtr3ddTszBEeIWAgtikKuKlhseZxdqrRtsmxLK+9M6S1UsgtILTpWDoZLIRIN0FDzcSJSsDAimdAddl6Q4U5yoxYgDk0rYFzEElj6855inznkKy0gcQDVyDtW4LF/HTp4POE9dId4mOCZE2JLEBs62LeGnSlPcKM1DgmCvcMKs331bq9y5zE/ILOZ1uvy2reZ82cfqy1uDlgc5LkLPIZH3IrcafiRIeSn60UBh4P5AsT7vFXiI+Z6SfeZSSBYrTJ57WTa64Fw==
<HMI screen>,ENG_Manual_MDI,Button_10,Text OFF,M41-P2,M41-P2,,,,n/fiIMPodCJHUZtr3ddTszBEeIWAgtikKuKlhseZxdqrRtsmxLK+9M6S1UsgtILTpWDoZLIRIN0FDzcSJSsDAimdAddl6Q4U5yoxYgDk0rYFzEElj6855inznkKy0gcQDVyDtW4LF/HTp4POE9dId4mOCZE2JLEBs62LeGnSlPcKM1DgmCvcMKs331bq9y5zitKrmlyV2uA0+ZGDY+VKGoRJd4XbBvs19/t6zZ5RPBntbRpghdoImKKl+uLxDL/Sy4eYUr4I3NWfVYDLFhxj+Q==
<HMI screen>,ENG_Manual_MDI,Button_11,Text OFF,M41-P3,M41-P3,,,,n/fiIMPodCJHUZtr3ddTszBEeIWAgtikKuKlhseZxdqrRtsmxLK+9M6S1UsgtILTpWDoZLIRIN0FDzcSJSsDAimdAddl6Q4U5yoxYgDk0rYFzEElj6855inznkKy0gcQDVyDtW4LF/HTp4POE9dId4mOCZE2JLEBs62LeGnSlPcKM1DgmCvcMKs331bq9y5zeaBaR39B658Y2RQK2mnkYZsLVbDxHTwor+mBWEEbczUvpcsM2SHLFjeDI1tbDooqyHX+Y75dWl3ahSTycV82NQ==
<HMI screen>,ENG_Manual_MDI,Button_17,Text OFF,MDI,MDI,,,,n/fiIMPodCJHUZtr3ddTszBEeIWAgtikKuKlhseZxdqrRtsmxLK+9M6S1UsgtILTpWDoZLIRIN0FDzcSJSsDAimdAddl6Q4U5yoxYgDk0rYFzEElj6855inznkKy0gcQDVyDtW4LF/HTp4POE9dId4mOCZE2JLEBs62LeGnSlPcKM1DgmCvcMKs331bq9y5zNs/appL4YVEA31ESey+df8DjOVsqkd64ktTc0oykXcOSRUt0pF+MbJnbTGMJP5oxXN6Z5r9daxlJyeG+e1cfsw==
<HMI screen>,ENG_Manual_MDI,Template_Button_5,Text OFF,Manual,Manual,,,,n/fiIMPodCJHUZtr3ddTszBEeIWAgtikKuKlhseZxdqrRtsmxLK+9M6S1UsgtILTpWDoZLIRIN0FDzcSJSsDAimdAddl6Q4U5yoxYgDk0rYFzEElj6855inznkKy0gcQDVyDtW4LF/HTp4POE9dId4mOCZE2JLEBs62LeGnSlPcKM1DgmCvcMKs331bq9y5zuedHBT6VZ3oRe1WcnVxwcD/xMw5sproNKJ8IUivyxZG3353+ZCB6UxyTR0JBmQenhX8/mhOHxOZyiTqs65mG2g==
<HMI screen>,ENG_Manual_MDI,Text field_6,Text,P,P,,,,n/fiIMPodCJHUZtr3ddTszBEeIWAgtikKuKlhseZxdqrRtsmxLK+9M6S1UsgtILTpWDoZLIRIN0FDzcSJSsDAimdAddl6Q4U5yoxYgDk0rYFzEElj6855inznkKy0gcQDVyDtW4LF/HTp4POE9dId4mOCZE2JLEBs62LeGnSlPcKM1DgmCvcMKs331bq9y5zmcgBeecjRYVrzFjX9sDnbqOf4lIPPf8uEDHD/UfZ2opzvx792OuaCzbgHpJw61+IYMMwxy23Qlmmrp16u9mfFA==
<HMI screen>,ENG_Manual_MDI,Text field_1,Text,Parameter,Parámetro,,,,n/fiIMPodCJHUZtr3ddTszBEeIWAgtikKuKlhseZxdqrRtsmxLK+9M6S1UsgtILTpWDoZLIRIN0FDzcSJSsDAimdAddl6Q4U5yoxYgDk0rYFzEElj6855inznkKy0gcQDVyDtW4LF/HTp4POE9dId4mOCZE2JLEBs62LeGnSlPcKM1DgmCvcMKs331bq9y5z+NUKZI83qSvLJ/yKVJDgMySNerKwDzcUoKDHLEb69BGGrzi/pl/qyxW9xyah/PYcMaVFYnFpKTgtL3G5a9xCjA==
<HMI screen>,ENG_Manual_MDI,Button_16,Text OFF,Power,Potencia,,,,n/fiIMPodCJHUZtr3ddTszBEeIWAgtikKuKlhseZxdqrRtsmxLK+9M6S1UsgtILTpWDoZLIRIN0FDzcSJSsDAimdAddl6Q4U5yoxYgDk0rYFzEElj6855inznkKy0gcQDVyDtW4LF/HTp4POE9dId4mOCZE2JLEBs62LeGnSlPcKM1DgmCvcMKs331bq9y5z191j+w2Veb66L1PPMXsZV36twm5huqgkvrbfvUVg4mZGHeyXmNZuk51X+i1C9aSq+WOrq6YASCOr3N6SXtvU/g==
<HMI screen>,ENG_Manual_MDI,Start screen,Text ON,Start screen,Pantalla inicial,,,,n/fiIMPodCJHUZtr3ddTszBEeIWAgtikKuKlhseZxdqrRtsmxLK+9M6S1UsgtILTpWDoZLIRIN0FDzcSJSsDAimdAddl6Q4U5yoxYgDk0rYFzEElj6855inznkKy0gcQDVyDtW4LF/HTp4POE9dId4mOCZE2JLEBs62LeGnSlPcKM1DgmCvcMKs331bq9y5zjAIR4BI+4oeAT82DwxA9y3CF7A7qhczV1biK6beu1yqqDzli0zOHtMcBV7dD2W/iTAoilEQnw7ERSGadFv4ATw==
<HMI screen>,ENG_Manual_MDI,Start screen,Text OFF,Start screen,Pantalla inicial,,,,n/fiIMPodCJHUZtr3ddTszBEeIWAgtikKuKlhseZxdqrRtsmxLK+9M6S1UsgtILTpWDoZLIRIN0FDzcSJSsDAimdAddl6Q4U5yoxYgDk0rYFzEElj6855inznkKy0gcQDVyDtW4LF/HTp4POE9dId4mOCZE2JLEBs62LeGnSlPcKM1DgmCvcMKs331bq9y5zMoMFDz0l93gOOJDnVgzxl8A3O2siPRJM6GwLESDsDBsB2EMUOrxxEjJPEB2zmGdtLmdPTI/Z8ck7JYcCERs+ug==
<HMI screen>,ENG_Manual_MDI,Button_17,Text ON,Text,Text,,,,n/fiIMPodCJHUZtr3ddTszBEeIWAgtikKuKlhseZxdqrRtsmxLK+9M6S1UsgtILTpWDoZLIRIN0FDzcSJSsDAimdAddl6Q4U5yoxYgDk0rYFzEElj6855inznkKy0gcQDVyDtW4LF/HTp4POE9dId4mOCZE2JLEBs62LeGnSlPcKM1DgmCvcMKs331bq9y5zRi38O2XfAXAOalfnoHKoPrMzRqUEqeGTztMYvzoSuJASuqekXgqdodJqsU8/fOYzQmk7gEhUA681bc9zYSLMgA==
<HMI screen>,ENG_Manual_MDI,Button_1,Text ON,Text,Text,,,,n/fiIMPodCJHUZtr3ddTszBEeIWAgtikKuKlhseZxdqrRtsmxLK+9M6S1UsgtILTpWDoZLIRIN0FDzcSJSsDAimdAddl6Q4U5yoxYgDk0rYFzEElj6855inznkKy0gcQDVyDtW4LF/HTp4POE9dId4mOCZE2JLEBs62LeGnSlPcKM1DgmCvcMKs331bq9y5zsKWH+d1O6OI/O/HMZlezKf8Ub4s3dzMVAPL5Cuae4oqYUQS/xr6iYNYrYlTRUQleEfQhD48qJG17oKBHrF+WJw==
<HMI screen>,ENG_Manual_MDI,Button_2,Text ON,Text,Text,,,,n/fiIMPodCJHUZtr3ddTszBEeIWAgtikKuKlhseZxdqrRtsmxLK+9M6S1UsgtILTpWDoZLIRIN0FDzcSJSsDAimdAddl6Q4U5yoxYgDk0rYFzEElj6855inznkKy0gcQDVyDtW4LF/HTp4POE9dId4mOCZE2JLEBs62LeGnSlPcKM1DgmCvcMKs331bq9y5zivKBIpMP0y569sJ/ERqhdaBAFo5ZcirLVF8jiv6e0gMEp2FzZANOpLcz/gjzLW7Pw8sroFlolj602biG6LR9eg==
<HMI screen>,ENG_Manual_MDI,Button_4,Text ON,Text,Text,,,,n/fiIMPodCJHUZtr3ddTszBEeIWAgtikKuKlhseZxdqrRtsmxLK+9M6S1UsgtILTpWDoZLIRIN0FDzcSJSsDAimdAddl6Q4U5yoxYgDk0rYFzEElj6855inznkKy0gcQDVyDtW4LF/HTp4POE9dId4mOCZE2JLEBs62LeGnSlPcKM1DgmCvcMKs331bq9y5zxYuip+G9NfbZHkztDiUwYCVrblIpaL3llQ6SA3Qeq+Q7wN1fdwoF4dJq6eBixEXLjHNswcv47TQEy6nxeme5ZQ==
<HMI screen>,ENG_Manual_MDI,Button_10,Text ON,Text,Text,,,,n/fiIMPodCJHUZtr3ddTszBEeIWAgtikKuKlhseZxdqrRtsmxLK+9M6S1UsgtILTpWDoZLIRIN0FDzcSJSsDAimdAddl6Q4U5yoxYgDk0rYFzEElj6855inznkKy0gcQDVyDtW4LF/HTp4POE9dId4mOCZE2JLEBs62LeGnSlPcKM1DgmCvcMKs331bq9y5zjtE3WnH70O1fV45cmGOBL4ij1Cu27Dvw3Qmd49K+8uaab55jjcoUy+yDhEs5nm57uRCvMNzVR/gJLI0zHGN/3w==
<HMI screen>,ENG_Manual_MDI,Button_11,Text ON,Text,Text,,,,n/fiIMPodCJHUZtr3ddTszBEeIWAgtikKuKlhseZxdqrRtsmxLK+9M6S1UsgtILTpWDoZLIRIN0FDzcSJSsDAimdAddl6Q4U5yoxYgDk0rYFzEElj6855inznkKy0gcQDVyDtW4LF/HTp4POE9dId4mOCZE2JLEBs62LeGnSlPcKM1DgmCvcMKs331bq9y5zno3jfLrcR+rxrv+IqVOJKkc8F6Z/XGrofndFfUY8sq2gn1UThHNdvPJ05jmPrkH2XXKG4Sau/bqSCrOTyco0Hg==
<HMI screen>,ENG_Manual_MDI,Button_16,Text ON,Text,Text,,,,n/fiIMPodCJHUZtr3ddTszBEeIWAgtikKuKlhseZxdqrRtsmxLK+9M6S1UsgtILTpWDoZLIRIN0FDzcSJSsDAimdAddl6Q4U5yoxYgDk0rYFzEElj6855inznkKy0gcQDVyDtW4LF/HTp4POE9dId4mOCZE2JLEBs62LeGnSlPcKM1DgmCvcMKs331bq9y5zeIHHKPKVG7UNAviQszFz1qQiO+81v7AI+Nn/rL43ynbg+ZwcN86YsTJ8QUQOFQo/W4E5vS1XgzQ+JXt0Wl2ZeQ==
<HMI screen>,ENG_Manual_MDI,Button_8,Text ON,Text,Text,,,,n/fiIMPodCJHUZtr3ddTszBEeIWAgtikKuKlhseZxdqrRtsmxLK+9M6S1UsgtILTpWDoZLIRIN0FDzcSJSsDAimdAddl6Q4U5yoxYgDk0rYFzEElj6855inznkKy0gcQDVyDtW4LF/HTp4POE9dId4mOCZE2JLEBs62LeGnSlPcKM1DgmCvcMKs331bq9y5zZ8XgF9bEnfhPTqB5N3Sb6rPmfQAheBsD8bSenB3dr8ezqkXpEC15gih5x9So5Of9VG5PgEAgcvk4tFSgMTt5og==
<HMI screen>,ENG_Manual_MDI,Button_6,Text ON,Text,Text,,,,n/fiIMPodCJHUZtr3ddTszBEeIWAgtikKuKlhseZxdqrRtsmxLK+9M6S1UsgtILTpWDoZLIRIN0FDzcSJSsDAimdAddl6Q4U5yoxYgDk0rYFzEElj6855inznkKy0gcQDVyDtW4LF/HTp4POE9dId4mOCZE2JLEBs62LeGnSlPcKM1DgmCvcMKs331bq9y5zJW/AmN8PH+ixcrL9D3EAf0XGU7DVA9WjrDlwoD4yjFsw2+bjrFiA7wmTvhW2q6hhytA9xw943jWI1SFAjaMK6w==
<HMI screen>,ENG_Manual_MDI,Button_7,Text ON,Text,Text,,,,n/fiIMPodCJHUZtr3ddTszBEeIWAgtikKuKlhseZxdqrRtsmxLK+9M6S1UsgtILTpWDoZLIRIN0FDzcSJSsDAimdAddl6Q4U5yoxYgDk0rYFzEElj6855inznkKy0gcQDVyDtW4LF/HTp4POE9dId4mOCZE2JLEBs62LeGnSlPcKM1DgmCvcMKs331bq9y5zznjsbyEIg+wJLQPkC/EB8BYmHnp+otTZYvKUGtEkoRB4Sp2120eKCJDL+Bj9RJ4PffVwfkGjqVlf01/gVOppQA==
<HMI screen>,ENG_Manual_MDI,Button_9,Text ON,Text,Text,,,,n/fiIMPodCJHUZtr3ddTszBEeIWAgtikKuKlhseZxdqrRtsmxLK+9M6S1UsgtILTpWDoZLIRIN0FDzcSJSsDAimdAddl6Q4U5yoxYgDk0rYFzEElj6855inznkKy0gcQDVyDtW4LF/HTp4POE9dId4mOCZE2JLEBs62LeGnSlPcKM1DgmCvcMKs331bq9y5zba4n4wmse+QW7slDxgjRX+UZ9VQeFij/ajzFgIDdADYqPoFaYITm8ovjTi4YTZ7VsNKSoLBHJXO2v1ebBHDbzQ==
<HMI screen>,ENG_Manual_MDI,Button_3,Text ON,Text,Text,,,,n/fiIMPodCJHUZtr3ddTszBEeIWAgtikKuKlhseZxdqrRtsmxLK+9M6S1UsgtILTpWDoZLIRIN0FDzcSJSsDAimdAddl6Q4U5yoxYgDk0rYFzEElj6855inznkKy0gcQDVyDtW4LF/HTp4POE9dId4mOCZE2JLEBs62LeGnSlPcKM1DgmCvcMKs331bq9y5zbHsrBEp3cmqkqB161XHTmsWGv30cA9npO03gq9jeg8ehoA6P5J0nUlUUFiT0TL3zcT45L8gVC2yK9pLaUIR9PA==
<HMI screen>,ENG_Manual_MDI,Button_5,Text ON,Text,Text,,,,n/fiIMPodCJHUZtr3ddTszBEeIWAgtikKuKlhseZxdqrRtsmxLK+9M6S1UsgtILTpWDoZLIRIN0FDzcSJSsDAimdAddl6Q4U5yoxYgDk0rYFzEElj6855inznkKy0gcQDVyDtW4LF/HTp4POE9dId4mOCZE2JLEBs62LeGnSlPcKM1DgmCvcMKs331bq9y5zg2FjJn8j5z4zNbTeoJjsMndqcRn29AZy2lSPslGjRUnEHYyhk+VI2hfJ3q0L4jaTIhA9qupfEL426GfEs88srQ==
<HMI screen>,ENG_Manual_Manage,Button_15,Text OFF,Bypass Tool Lock,Anular bloqueo de herramienta,,,,n/fiIMPodCJHUZtr3ddTszBEeIWAgtikKuKlhseZxdqrRtsmxLK+9M6S1UsgtILTpWDoZLIRIN0FDzcSJSsDAimdAddl6Q4U5yoxYgDk0rYFzEElj6855inznkKy0gcQDVyDtW4LF/HTp4POE9dId4mOCZE2JLEBs62LeGnSlPcKM1DgmCvcMKs331bq9y5zx20YF/3yM2FGHmhCp2vS4fRia38pMh45W2GntmBUuK9ZsQ/Gn8ezuQruGI0RwYtpS7pT9M1+L5wKUvdYliOx6A==
<HMI screen>,ENG_Manual_Manage,Button_17,Text OFF,MDI,MDI,,,,n/fiIMPodCJHUZtr3ddTszBEeIWAgtikKuKlhseZxdqrRtsmxLK+9M6S1UsgtILTpWDoZLIRIN0FDzcSJSsDAimdAddl6Q4U5yoxYgDk0rYFzEElj6855inznkKy0gcQDVyDtW4LF/HTp4POE9dId4mOCZE2JLEBs62LeGnSlPcKM1DgmCvcMKs331bq9y5zTc/DrznVMoXgxobcUpH98GAn4rkc2QsJkRMEdcAlguXi9qeW1gBRx8LOHJ45gPwIBreXSm54RVgP9nGFvTFtjA==
<HMI screen>,ENG_Manual_Manage,Text field_9,Text,Pause Retract  Vel,Retracción en pausa  Vel,,,,n/fiIMPodCJHUZtr3ddTszBEeIWAgtikKuKlhseZxdqrRtsmxLK+9M6S1UsgtILTpWDoZLIRIN0FDzcSJSsDAimdAddl6Q4U5yoxYgDk0rYFzEElj6855inznkKy0gcQDVyDtW4LF/HTp4POE9dId4mOCZE2JLEBs62LeGnSlPcKM1DgmCvcMKs331bq9y5zQsWHYn5CDpL/q4RM4NXPzzvEdDQHAE9/VSu86h5TE7HGkuNQUihl49geFkbmMMIJ1tR5edyHldyO2woHj1LzDQ==
<HMI screen>,ENG_Manual_Manage,Text field_7,Text,Pause Retract  X,Retracción en pausa  X,,,,n/fiIMPodCJHUZtr3ddTszBEeIWAgtikKuKlhseZxdqrRtsmxLK+9M6S1UsgtILTpWDoZLIRIN0FDzcSJSsDAimdAddl6Q4U5yoxYgDk0rYFzEElj6855inznkKy0gcQDVyDtW4LF/HTp4POE9dId4mOCZE2JLEBs62LeGnSlPcKM1DgmCvcMKs331bq9y5zoxSCp162coxJLCCzd9R88GrxRmocMfQQ7RiDE6gkdx5tDTPERBlawb1RNbL0w8yiavv9svRrlr5oVCbtixRNMA==
<HMI screen>,ENG_Manual_Manage,Text field_8,Text,Pause Retract  Z,Retracción en pausa  Z,,,,n/fiIMPodCJHUZtr3ddTszBEeIWAgtikKuKlhseZxdqrRtsmxLK+9M6S1UsgtILTpWDoZLIRIN0FDzcSJSsDAimdAddl6Q4U5yoxYgDk0rYFzEElj6855inznkKy0gcQDVyDtW4LF/HTp4POE9dId4mOCZE2JLEBs62LeGnSlPcKM1DgmCvcMKs331bq9y5z3FKwGCocUihgUaoVyJyw0Kjt3YTplPCzozkiyVm7+KeuQaTQS/TFYwKCDW7e99n6zmnxs0Ccq5dDA6DQ39LWmg==
<HMI screen>,ENG_Manual_Manage,Button_16,Text OFF,Power,Potencia,,,,n/fiIMPodCJHUZtr3ddTszBEeIWAgtikKuKlhseZxdqrRtsmxLK+9M6S1UsgtILTpWDoZLIRIN0FDzcSJSsDAimdAddl6Q4U5yoxYgDk0rYFzEElj6855inznkKy0gcQDVyDtW4LF/HTp4POE9dId4mOCZE2JLEBs62LeGnSlPcKM1DgmCvcMKs331bq9y5z6CRx9g+GeTeG1gm+32Eg+5jAmxHFOXuBD/UNonqyrsKT5+1diwFQ9e1xa/PsNDrnX219xlPH/viKxEIPEIMOWw==
<HMI screen>,ENG_Manual_Manage,Text field_11,Text,Sheet Load Pos X,Pos carga lámina X,,,,n/fiIMPodCJHUZtr3ddTszBEeIWAgtikKuKlhseZxdqrRtsmxLK+9M6S1UsgtILTpWDoZLIRIN0FDzcSJSsDAimdAddl6Q4U5yoxYgDk0rYFzEElj6855inznkKy0gcQDVyDtW4LF/HTp4POE9dId4mOCZE2JLEBs62LeGnSlPcKM1DgmCvcMKs331bq9y5zGperZr7RJlFqxSiEtagE8KKd8gu2hDo8jtX4sZ4LOQx29EOawAoDsVOLrjwRK2NT+dFVabAt7HQXYXnbq8BSVw==
<HMI screen>,ENG_Manual_Manage,Text field_12,Text,Sheet Load Pos Z,Pos carga lámina Z,,,,n/fiIMPodCJHUZtr3ddTszBEeIWAgtikKuKlhseZxdqrRtsmxLK+9M6S1UsgtILTpWDoZLIRIN0FDzcSJSsDAimdAddl6Q4U5yoxYgDk0rYFzEElj6855inznkKy0gcQDVyDtW4LF/HTp4POE9dId4mOCZE2JLEBs62LeGnSlPcKM1DgmCvcMKs331bq9y5z4nkGJVz4iIExAH2vDk3zm8JcxapdjfZGjnOeO4QbjBjBJSuto6pmh8jy6AsBd/jjrP/ZNUJayTQtFkAxmuPr2w==
<HMI screen>,ENG_Manual_Manage,Button_16,Text ON,Text,Text,,,,n/fiIMPodCJHUZtr3ddTszBEeIWAgtikKuKlhseZxdqrRtsmxLK+9M6S1UsgtILTpWDoZLIRIN0FDzcSJSsDAimdAddl6Q4U5yoxYgDk0rYFzEElj6855inznkKy0gcQDVyDtW4LF/HTp4POE9dId4mOCZE2JLEBs62LeGnSlPcKM1DgmCvcMKs331bq9y5z5mEx+mxGzDkEEg2CWREADpnO1mGBMSUdhpgTZHLunb2iuDGj7I0I5ZGbmeoEUITAIb8EcnXlSdmXmO77G/WL5w==
<HMI screen>,ENG_Manual_Manage,Button_17,Text ON,Text,Text,,,,n/fiIMPodCJHUZtr3ddTszBEeIWAgtikKuKlhseZxdqrRtsmxLK+9M6S1UsgtILTpWDoZLIRIN0FDzcSJSsDAimdAddl6Q4U5yoxYgDk0rYFzEElj6855inznkKy0gcQDVyDtW4LF/HTp4POE9dId4mOCZE2JLEBs62LeGnSlPcKM1DgmCvcMKs331bq9y5zAhPZDwLQsYZeG3YIflbEMxfz5cCABQa/UA9n2HR53N3KmleijKlkGlxj9osICgrShyj09bmottFw0P1TJTrGkw==
<HMI screen>,ENG_Manual_Manage,Button_15,Text ON,Text,Text,,,,n/fiIMPodCJHUZtr3ddTszBEeIWAgtikKuKlhseZxdqrRtsmxLK+9M6S1UsgtILTpWDoZLIRIN0FDzcSJSsDAimdAddl6Q4U5yoxYgDk0rYFzEElj6855inznkKy0gcQDVyDtW4LF/HTp4POE9dId4mOCZE2JLEBs62LeGnSlPcKM1DgmCvcMKs331bq9y5zRlmsxcwaJ0PDYuxHdo1+3AKSKvRZoLjLz1PVB6PsV9SUzq09pEI6edUW1VACEoXahZBPQKpBJ5dbCf0uJ977Iw==
<HMI screen>,ENG_Manual_Manage,Text field_10,Text,Tool Slot 3 ID,ID ranura herramienta 3,ACTIVAR,Tool Slot 2 ID,0.93,n/fiIMPodCJHUZtr3ddTszBEeIWAgtikKuKlhseZxdqrRtsmxLK+9M6S1UsgtILTpWDoZLIRIN0FDzcSJSsDAimdAddl6Q4U5yoxYgDk0rYFzEElj6855inznkKy0gcQDVyDtW4LF/HTp4POE9dId4mOCZE2JLEBs62LeGnSlPcKM1DgmCvcMKs331bq9y5zDiXY3Ka67Fx4iYn0mcVrvItwi6UxqLa0rhd1IouY9spQ1VzGbcOdJS07at9h9LWlNk2VaV2y/qLlC+XZApZ2bA==
<HMI screen>,ENG_Manual_Pos,Button_2,Text OFF,Execute,Ejecutar,Ejecutado,Executed,0.93,n/fiIMPodCJHUZtr3ddTszBEeIWAgtikKuKlhseZxdqrRtsmxLK+9M6S1UsgtILTpWDoZLIRIN0FDzcSJSsDAimdAddl6Q4U5yoxYgDk0rYFzEElj6855inznkKy0gcQDVyDtW4LF/HTp4POE9dId4mOCZE2JLEBs62LeGnSlPcKM1DgmCvcMKs331bq9y5zM/YByn/MbJjBNDg09bTF/+JRhBZ7qZfNUPF8E/Tc6uVEl+Y+asiuPkPtofaYjqC/163RkYKXQeKEdHOGaForYg==
<HMI screen>,ENG_Manual_Pos,Button_17,Text OFF,MDI,MDI,,,,n/fiIMPodCJHUZtr3ddTszBEeIWAgtikKuKlhseZxdqrRtsmxLK+9M6S1UsgtILTpWDoZLIRIN0FDzcSJSsDAimdAddl6Q4U5yoxYgDk0rYFzEElj6855inznkKy0gcQDVyDtW4LF/HTp4POE9dId4mOCZE2JLEBs62LeGnSlPcKM1DgmCvcMKs331bq9y5zfmpuUUqg/xAe5XRPLOYg0LWbNkD8Mcr6U/T8vA6iO0pAKHb4kJQMwwtj6rp1QDm+Zqn1XQ84pvCz63oGukOcQg==
<HMI screen>,ENG_Manual_Pos,Button_16,Text OFF,Power,Potencia,,,,n/fiIMPodCJHUZtr3ddTszBEeIWAgtikKuKlhseZxdqrRtsmxLK+9M6S1UsgtILTpWDoZLIRIN0FDzcSJSsDAimdAddl6Q4U5yoxYgDk0rYFzEElj6855inznkKy0gcQDVyDtW4LF/HTp4POE9dId4mOCZE2JLEBs62LeGnSlPcKM1DgmCvcMKs331bq9y5zhEnG3YnhvD93/depqpbVheZP+gwLxOyCY1UxJT8PD3KuGI+IeHYkamWorZnetjq+S1Gsi4F/tMzCQQnv7K1Kyg==
<HMI screen>,ENG_Manual_Pos,Text field_2,Text,T,T,,,,n/fiIMPodCJHUZtr3ddTszBEeIWAgtikKuKlhseZxdqrRtsmxLK+9M6S1UsgtILTpWDoZLIRIN0FDzcSJSsDAimdAddl6Q4U5yoxYgDk0rYFzEElj6855inznkKy0gcQDVyDtW4LF/HTp4POE9dId4mOCZE2JLEBs62LeGnSlPcKM1DgmCvcMKs331bq9y5zFDRgvGV4ssNXmOSGgms5pGu4hv4hsg+35U4h7Sce8nOHZ9s1AU1PbTegST1Pm3jG/2e8Tens6Ik0Ij4mN4h0gQ==
<HMI screen>,ENG_Manual_Pos,Button_16,Text ON,Text,Text,,,,n/fiIMPodCJHUZtr3ddTszBEeIWAgtikKuKlhseZxdqrRtsmxLK+9M6S1UsgtILTpWDoZLIRIN0FDzcSJSsDAimdAddl6Q4U5yoxYgDk0rYFzEElj6855inznkKy0gcQDVyDtW4LF/HTp4POE9dId4mOCZE2JLEBs62LeGnSlPcKM1DgmCvcMKs331bq9y5z6WHiAzBbdn/22Pzd+Opw6voy5l7gmHa4APSDb3eICf0swR3vZ5GXbEj7kJ6J/ffgYKHhdlTU1abxHPOwi3dPhg==
<HMI screen>,ENG_Manual_Pos,Button_8,Text ON,Text,Text,,,,n/fiIMPodCJHUZtr3ddTszBEeIWAgtikKuKlhseZxdqrRtsmxLK+9M6S1UsgtILTpWDoZLIRIN0FDzcSJSsDAimdAddl6Q4U5yoxYgDk0rYFzEElj6855inznkKy0gcQDVyDtW4LF/HTp4POE9dId4mOCZE2JLEBs62LeGnSlPcKM1DgmCvcMKs331bq9y5zKh/TySDhh6bax2G6MqSEX/MEBV/xXNYYI+9W+0UGs8ANo6p0grOfgh/leJhfpGdH6qKNFNO8tV3h8v5Qr5A1mg==
<HMI screen>,ENG_Manual_Pos,Button_7,Text ON,Text,Text,,,,n/fiIMPodCJHUZtr3ddTszBEeIWAgtikKuKlhseZxdqrRtsmxLK+9M6S1UsgtILTpWDoZLIRIN0FDzcSJSsDAimdAddl6Q4U5yoxYgDk0rYFzEElj6855inznkKy0gcQDVyDtW4LF/HTp4POE9dId4mOCZE2JLEBs62LeGnSlPcKM1DgmCvcMKs331bq9y5zkL1AG3OTtMet74ZeezOGpiRHrSwzccQBNUDcmxwk6k/EAj+nFshLG6pFE1lu6bskFb1qVR6NkBwcLCbemShBVg==
<HMI screen>,ENG_Manual_Pos,Button_6,Text ON,Text,Text,,,,n/fiIMPodCJHUZtr3ddTszBEeIWAgtikKuKlhseZxdqrRtsmxLK+9M6S1UsgtILTpWDoZLIRIN0FDzcSJSsDAimdAddl6Q4U5yoxYgDk0rYFzEElj6855inznkKy0gcQDVyDtW4LF/HTp4POE9dId4mOCZE2JLEBs62LeGnSlPcKM1DgmCvcMKs331bq9y5zVCxjFaOwW0/98al2t5bpA15dIURfG/uRweT0hJhnGr1x8bVv0PNY4AaHcGqpuYsujYS5N21rTHyqjWgjH8jnSA==
<HMI screen>,ENG_Manual_Pos,Button_17,Text ON,Text,Text,,,,n/fiIMPodCJHUZtr3ddTszBEeIWAgtikKuKlhseZxdqrRtsmxLK+9M6S1UsgtILTpWDoZLIRIN0FDzcSJSsDAimdAddl6Q4U5yoxYgDk0rYFzEElj6855inznkKy0gcQDVyDtW4LF/HTp4POE9dId4mOCZE2JLEBs62LeGnSlPcKM1DgmCvcMKs331bq9y5zATlpcdXSZQXV+j+/V0IXghFqqFn1NI5CcLu8It0oTW65NyI8Sr97RL0SEcXuWKluJ9y6nfU56+Db7Uo2QZmMbQ==
<HMI screen>,ENG_Manual_Pos,Button_5,Text ON,Text,Text,,,,n/fiIMPodCJHUZtr3ddTszBEeIWAgtikKuKlhseZxdqrRtsmxLK+9M6S1UsgtILTpWDoZLIRIN0FDzcSJSsDAimdAddl6Q4U5yoxYgDk0rYFzEElj6855inznkKy0gcQDVyDtW4LF/HTp4POE9dId4mOCZE2JLEBs62LeGnSlPcKM1DgmCvcMKs331bq9y5zBDxPRd+2VrJnvSDKUrCEATAYzi+TTiiXgvUs05HQU+0F8SoeqRF4Q1+rAMo3ZIivUHww227RzIfeMYZcg4zSVw==
<HMI screen>,ENG_Manual_Pos,Button_4,Text ON,Text,Text,,,,n/fiIMPodCJHUZtr3ddTszBEeIWAgtikKuKlhseZxdqrRtsmxLK+9M6S1UsgtILTpWDoZLIRIN0FDzcSJSsDAimdAddl6Q4U5yoxYgDk0rYFzEElj6855inznkKy0gcQDVyDtW4LF/HTp4POE9dId4mOCZE2JLEBs62LeGnSlPcKM1DgmCvcMKs331bq9y5zwJklzx4+x8ZwAMj/UPGbH35wzmM2GTv2Ut5o09kh5F+cd+ZSlCPIsG7mnfSb7GY5d9SHymzxQruiBLNHKSCDBg==
<HMI screen>,ENG_Manual_Pos,Button_2,Text ON,Text,Text,,,,n/fiIMPodCJHUZtr3ddTszBEeIWAgtikKuKlhseZxdqrRtsmxLK+9M6S1UsgtILTpWDoZLIRIN0FDzcSJSsDAimdAddl6Q4U5yoxYgDk0rYFzEElj6855inznkKy0gcQDVyDtW4LF/HTp4POE9dId4mOCZE2JLEBs62LeGnSlPcKM1DgmCvcMKs331bq9y5zv/7H4Po7DOS8HofTysWXLZYlI54ii1mNrJiyzVHf44mRgzsSXZ2t681s3jwsUxGIo6jW6IpBNZxIPom+wHC5Nw==
<HMI screen>,ENG_Manual_Power,Template_Button_4,Text OFF,Auto,Auto,,,,n/fiIMPodCJHUZtr3ddTszBEeIWAgtikKuKlhseZxdqrRtsmxLK+9M6S1UsgtILTpWDoZLIRIN0FDzcSJSsDAimdAddl6Q4U5yoxYgDk0rYFzEElj6855inznkKy0gcQDVyDtW4LF/HTp4POE9dId4mOCZE2JLEBs62LeGnSlPcKM1DgmCvcMKs331bq9y5zYLPAPSVwaYdjHBrbRsLrVB7l5y7oh55WUK8Eptm0+IWr6ieKKjDAu6hEi3PnflqLKC4K6WmuyVEEPdTqnkKoag==
<HMI screen>,ENG_Manual_Power,Button_12,Text OFF,Axis S,Eje S,,,,n/fiIMPodCJHUZtr3ddTszBEeIWAgtikKuKlhseZxdqrRtsmxLK+9M6S1UsgtILTpWDoZLIRIN0FDzcSJSsDAimdAddl6Q4U5yoxYgDk0rYFzEElj6855inznkKy0gcQDVyDtW4LF/HTp4POE9dId4mOCZE2JLEBs62LeGnSlPcKM1DgmCvcMKs331bq9y5zoTtbU7z4+C9DsYG4965SSFb1VrQXGZg9mWfwm081QZ2GfiRo0IsmbQIBZjT5ceC3OrhYBmpMI0j3rkBi/X41jQ==
<HMI screen>,ENG_Manual_Power,Button_11,Text OFF,Axis T,Eje T,,,,n/fiIMPodCJHUZtr3ddTszBEeIWAgtikKuKlhseZxdqrRtsmxLK+9M6S1UsgtILTpWDoZLIRIN0FDzcSJSsDAimdAddl6Q4U5yoxYgDk0rYFzEElj6855inznkKy0gcQDVyDtW4LF/HTp4POE9dId4mOCZE2JLEBs62LeGnSlPcKM1DgmCvcMKs331bq9y5zx20YF/3yM2FGHmhCp2vS4Rc2NkI7hhqMk4n7fNZwjVbGRqu6wkmk2+GXe3Y++l5otIHJ5IL8t9iULj7WADXNEQ==
<HMI screen>,ENG_Manual_Power,Button_4,Text OFF,Axis X,Eje X,,,,n/fiIMPodCJHUZtr3ddTszBEeIWAgtikKuKlhseZxdqrRtsmxLK+9M6S1UsgtILTpWDoZLIRIN0FDzcSJSsDAimdAddl6Q4U5yoxYgDk0rYFzEElj6855inznkKy0gcQDVyDtW4LF/HTp4POE9dId4mOCZE2JLEBs62LeGnSlPcKM1DgmCvcMKs331bq9y5zbTOMUCDk8EWVWtnUB/UPpFL4n2UzXDheNmXVkaEvpF6iXizFe6su/Haa7wDjhQlYH2FNZ3toVrEQ0TcBjd0s1g==
<HMI screen>,ENG_Manual_Power,Button_13,Text OFF,Axis X,Eje X,,,,n/fiIMPodCJHUZtr3ddTszBEeIWAgtikKuKlhseZxdqrRtsmxLK+9M6S1UsgtILTpWDoZLIRIN0FDzcSJSsDAimdAddl6Q4U5yoxYgDk0rYFzEElj6855inznkKy0gcQDVyDtW4LF/HTp4POE9dId4mOCZE2JLEBs62LeGnSlPcKM1DgmCvcMKs331bq9y5zH+ut7YBz225V1H6GGHJwWyIcMu25qoYMLDlExaqre3Juhpp+TNdjzKjoA0ANlI2RgsBjtPF2C0xuL8TGlxYgdQ==
<HMI screen>,ENG_Manual_Power,Button_14,Text OFF,Axis Z,Eje Z,,,,n/fiIMPodCJHUZtr3ddTszBEeIWAgtikKuKlhseZxdqrRtsmxLK+9M6S1UsgtILTpWDoZLIRIN0FDzcSJSsDAimdAddl6Q4U5yoxYgDk0rYFzEElj6855inznkKy0gcQDVyDtW4LF/HTp4POE9dId4mOCZE2JLEBs62LeGnSlPcKM1DgmCvcMKs331bq9y5zADL2IBTPOd093r+Z3kr8+hkm14iBgzf7aelzceBO2MeNHQzzIQqLEjfVRKEi9fGR008AzFD2pK9A6mG/qcRGPw==
<HMI screen>,ENG_Manual_Power,Button_10,Text OFF,Axis Z,Eje Z,,,,n/fiIMPodCJHUZtr3ddTszBEeIWAgtikKuKlhseZxdqrRtsmxLK+9M6S1UsgtILTpWDoZLIRIN0FDzcSJSsDAimdAddl6Q4U5yoxYgDk0rYFzEElj6855inznkKy0gcQDVyDtW4LF/HTp4POE9dId4mOCZE2JLEBs62LeGnSlPcKM1DgmCvcMKs331bq9y5zfYx9LGDGXVFW4mCjgCTHI1zTCCj9g0C/jIZay0ygoC4blFmK2iKX62i+NLGJeW6mbJTzWLB1FIZXec7PpXv8Hw==
<HMI screen>,ENG_Manual_Power,Button_15,Text OFF,Bypass Tool Lock,Anular bloqueo de herramienta,,,,n/fiIMPodCJHUZtr3ddTszBEeIWAgtikKuKlhseZxdqrRtsmxLK+9M6S1UsgtILTpWDoZLIRIN0FDzcSJSsDAimdAddl6Q4U5yoxYgDk0rYFzEElj6855inznkKy0gcQDVyDtW4LF/HTp4POE9dId4mOCZE2JLEBs62LeGnSlPcKM1DgmCvcMKs331bq9y5zaVxvccM0+evomofi+oqW2fNnQ28S0KXa5/UN4Nuf4h/T4VoqtgAOhfceXHtdxglpxmvTeDNmMtoQphkvxPvNHA==
<HMI screen>,ENG_Manual_Power,Button_17,Text OFF,MDI,MDI,,,,n/fiIMPodCJHUZtr3ddTszBEeIWAgtikKuKlhseZxdqrRtsmxLK+9M6S1UsgtILTpWDoZLIRIN0FDzcSJSsDAimdAddl6Q4U5yoxYgDk0rYFzEElj6855inznkKy0gcQDVyDtW4LF/HTp4POE9dId4mOCZE2JLEBs62LeGnSlPcKM1DgmCvcMKs331bq9y5zD4fvaNk6vjrxjIoYt1GjE5mDdfwEKf2ejJ6jkpVpfl2C5y2PUszi6kmC27zcV0MbG7I45q6Obj9HJC7cgPHcOw==
<HMI screen>,ENG_Manual_Power,Template_Button_5,Text OFF,Manual,Manual,,,,n/fiIMPodCJHUZtr3ddTszBEeIWAgtikKuKlhseZxdqrRtsmxLK+9M6S1UsgtILTpWDoZLIRIN0FDzcSJSsDAimdAddl6Q4U5yoxYgDk0rYFzEElj6855inznkKy0gcQDVyDtW4LF/HTp4POE9dId4mOCZE2JLEBs62LeGnSlPcKM1DgmCvcMKs331bq9y5zadge8sYEl7Rih4w45X/8qGrKylCkQYn4K2+DLFhHL62V/7nooLG7YjAivm0RQESCvkw/6FF/sA58otNe53pFcw==
<HMI screen>,ENG_Manual_Power,Text field_5,Text,POWER,POTENCIA,,,,n/fiIMPodCJHUZtr3ddTszBEeIWAgtikKuKlhseZxdqrRtsmxLK+9M6S1UsgtILTpWDoZLIRIN0FDzcSJSsDAimdAddl6Q4U5yoxYgDk0rYFzEElj6855inznkKy0gcQDVyDtW4LF/HTp4POE9dId4mOCZE2JLEBs62LeGnSlPcKM1DgmCvcMKs331bq9y5z2PwlXFd7p2PukYAuRjFG9qKXDb6qOP4Ewo29sAM5gZYGUnBAOAB31bn8tVBWSobY2fI+XSBg4C3ocf1s6isb0Q==
<HMI screen>,ENG_Manual_Power,Button_16,Text OFF,Power,Potencia,,,,n/fiIMPodCJHUZtr3ddTszBEeIWAgtikKuKlhseZxdqrRtsmxLK+9M6S1UsgtILTpWDoZLIRIN0FDzcSJSsDAimdAddl6Q4U5yoxYgDk0rYFzEElj6855inznkKy0gcQDVyDtW4LF/HTp4POE9dId4mOCZE2JLEBs62LeGnSlPcKM1DgmCvcMKs331bq9y5zQQYKZxfH3dL2qt/u8mobd7PpW3aThgt0qtpmsvAkV9OQuGeIorU9Gx7Mv0eGKx+uEOfDyx9aAHzQ6BenGYil/g==
<HMI screen>,ENG_Manual_Power,Start screen,Text ON,Start screen,Pantalla inicial,,,,n/fiIMPodCJHUZtr3ddTszBEeIWAgtikKuKlhseZxdqrRtsmxLK+9M6S1UsgtILTpWDoZLIRIN0FDzcSJSsDAimdAddl6Q4U5yoxYgDk0rYFzEElj6855inznkKy0gcQDVyDtW4LF/HTp4POE9dId4mOCZE2JLEBs62LeGnSlPcKM1DgmCvcMKs331bq9y5z5XqxoU31kNkN+CQ7VfoK/kX6uQHa12Y17mEPCX1JIzIxWswS8rfLmxuxLp5DwAt44kyGKt7gPTR+eOqnRiXDLg==
<HMI screen>,ENG_Manual_Power,Start screen,Text OFF,Start screen,Pantalla inicial,,,,n/fiIMPodCJHUZtr3ddTszBEeIWAgtikKuKlhseZxdqrRtsmxLK+9M6S1UsgtILTpWDoZLIRIN0FDzcSJSsDAimdAddl6Q4U5yoxYgDk0rYFzEElj6855inznkKy0gcQDVyDtW4LF/HTp4POE9dId4mOCZE2JLEBs62LeGnSlPcKM1DgmCvcMKs331bq9y5zCnuGlf12l4t+5us/AlvPRp8LUyBKILtKD1/l65Jn9YAid68+F3Sqtw1fM2Cy0S6cGE5V/5O3H8jEkDoQlJXwQA==
<HMI screen>,ENG_Manual_Power,Button_12,Text ON,Text,Text,,,,n/fiIMPodCJHUZtr3ddTszBEeIWAgtikKuKlhseZxdqrRtsmxLK+9M6S1UsgtILTpWDoZLIRIN0FDzcSJSsDAimdAddl6Q4U5yoxYgDk0rYFzEElj6855inznkKy0gcQDVyDtW4LF/HTp4POE9dId4mOCZE2JLEBs62LeGnSlPcKM1DgmCvcMKs331bq9y5zItFZTzwrWKc0tpJbllCnqS+8mP1D/0LidoeihHYvz3LeDOhieRLuSbZ/LD20+JKbb12imm4fodPevNAm3a3OkQ==
<HMI screen>,ENG_Manual_Power,Button_11,Text ON,Text,Text,,,,n/fiIMPodCJHUZtr3ddTszBEeIWAgtikKuKlhseZxdqrRtsmxLK+9M6S1UsgtILTpWDoZLIRIN0FDzcSJSsDAimdAddl6Q4U5yoxYgDk0rYFzEElj6855inznkKy0gcQDVyDtW4LF/HTp4POE9dId4mOCZE2JLEBs62LeGnSlPcKM1DgmCvcMKs331bq9y5zRlmsxcwaJ0PDYuxHdo1+3GgYJ7FDKVC6bq7erW4/voLmQYRGg167GJeEtI4JMJdEg3l7EY5DeD/rKaXz388lxQ==
<HMI screen>,ENG_Manual_Power,Button_2,Text ON,Text,Text,,,,n/fiIMPodCJHUZtr3ddTszBEeIWAgtikKuKlhseZxdqrRtsmxLK+9M6S1UsgtILTpWDoZLIRIN0FDzcSJSsDAimdAddl6Q4U5yoxYgDk0rYFzEElj6855inznkKy0gcQDVyDtW4LF/HTp4POE9dId4mOCZE2JLEBs62LeGnSlPcKM1DgmCvcMKs331bq9y5zCKAlf9Vp1II+VrOVra3Gu3v9buZY9ID1/woAAEaqZHDEKT5C4//558/d2W9sSFBf+7D/U3FFqfN9P7UEjApqOw==
<HMI screen>,ENG_Manual_Power,Button_1,Text ON,Text,Text,,,,n/fiIMPodCJHUZtr3ddTszBEeIWAgtikKuKlhseZxdqrRtsmxLK+9M6S1UsgtILTpWDoZLIRIN0FDzcSJSsDAimdAddl6Q4U5yoxYgDk0rYFzEElj6855inznkKy0gcQDVyDtW4LF/HTp4POE9dId4mOCZE2JLEBs62LeGnSlPcKM1DgmCvcMKs331bq9y5zItt3la7C33vgTsrXbd6Ra6CyyDHlUlo+kz5a38P9uTK2g9AcKfukCbqhE7sMSLT9dhFryVLYNxhGLI7+B+23OA==
<HMI screen>,ENG_Manual_Power,Button_4,Text ON,Text,Text,,,,n/fiIMPodCJHUZtr3ddTszBEeIWAgtikKuKlhseZxdqrRtsmxLK+9M6S1UsgtILTpWDoZLIRIN0FDzcSJSsDAimdAddl6Q4U5yoxYgDk0rYFzEElj6855inznkKy0gcQDVyDtW4LF/HTp4POE9dId4mOCZE2JLEBs62LeGnSlPcKM1DgmCvcMKs331bq9y5zLge/kRJC6EN29hcDdjnlk5RpMr1FJIoBd2m9Lp/0VHSotMn38VhzjJXbOwyukO9/6F9b2zxLFsv34JGhYwYSPg==
<HMI screen>,ENG_Manual_Power,Button_10,Text ON,Text,Text,,,,n/fiIMPodCJHUZtr3ddTszBEeIWAgtikKuKlhseZxdqrRtsmxLK+9M6S1UsgtILTpWDoZLIRIN0FDzcSJSsDAimdAddl6Q4U5yoxYgDk0rYFzEElj6855inznkKy0gcQDVyDtW4LF/HTp4POE9dId4mOCZE2JLEBs62LeGnSlPcKM1DgmCvcMKs331bq9y5zkAMGDpJUiZtnBCZtrC+Eeg6suqy0z/REoS9DA8uI7QSMlTZkZYJt0SST8s9q8joQ0OLzT49XlKQnuxY97gTgXA==
<HMI screen>,ENG_Manual_Power,Button_13,Text ON,Text,Text,,,,n/fiIMPodCJHUZtr3ddTszBEeIWAgtikKuKlhseZxdqrRtsmxLK+9M6S1UsgtILTpWDoZLIRIN0FDzcSJSsDAimdAddl6Q4U5yoxYgDk0rYFzEElj6855inznkKy0gcQDVyDtW4LF/HTp4POE9dId4mOCZE2JLEBs62LeGnSlPcKM1DgmCvcMKs331bq9y5zSJupecZwNltpKABzaeZa4OswsaiuckXXwsNDgpgCzGeWkPv/Scl3Lf5s6+ng8RgERqVDGkDhMPMcA73dFXSAag==
<HMI screen>,ENG_Manual_Power,Button_14,Text ON,Text,Text,,,,n/fiIMPodCJHUZtr3ddTszBEeIWAgtikKuKlhseZxdqrRtsmxLK+9M6S1UsgtILTpWDoZLIRIN0FDzcSJSsDAimdAddl6Q4U5yoxYgDk0rYFzEElj6855inznkKy0gcQDVyDtW4LF/HTp4POE9dId4mOCZE2JLEBs62LeGnSlPcKM1DgmCvcMKs331bq9y5z7/VfdELnkwqMSidXj/ms9Y5K8pAReJlYwf83B51XWjzsu5XbIkZ3b4BF3PE5k7mf+dFeLrtRoNvokPZ66gmNnw==
<HMI screen>,ENG_Manual_Power,Button_15,Text ON,Text,Text,,,,n/fiIMPodCJHUZtr3ddTszBEeIWAgtikKuKlhseZxdqrRtsmxLK+9M6S1UsgtILTpWDoZLIRIN0FDzcSJSsDAimdAddl6Q4U5yoxYgDk0rYFzEElj6855inznkKy0gcQDVyDtW4LF/HTp4POE9dId4mOCZE2JLEBs62LeGnSlPcKM1DgmCvcMKs331bq9y5zGBUTZHuKISt927rIwYQ/m8D78iDVSo2QL+iZCQBncxQuiE9rNXAF+rjKtMogkktaBuZFtfpB60da6AXk9gweKQ==
<HMI screen>,ENG_Manual_Power,Button_9,Text ON,Text,Text,,,,n/fiIMPodCJHUZtr3ddTszBEeIWAgtikKuKlhseZxdqrRtsmxLK+9M6S1UsgtILTpWDoZLIRIN0FDzcSJSsDAimdAddl6Q4U5yoxYgDk0rYFzEElj6855inznkKy0gcQDVyDtW4LF/HTp4POE9dId4mOCZE2JLEBs62LeGnSlPcKM1DgmCvcMKs331bq9y5zMyHY7ZdP83A9fmwUbB+YAe7DvtrMF6DfA4Xqdcap1CRuOnDJdyTeeCk2+DcwjC0Ef8gJg8Yk9iW1w2ZMp0b5uw==
<HMI screen>,ENG_Manual_Power,Button_3,Text ON,Text,Text,,,,n/fiIMPodCJHUZtr3ddTszBEeIWAgtikKuKlhseZxdqrRtsmxLK+9M6S1UsgtILTpWDoZLIRIN0FDzcSJSsDAimdAddl6Q4U5yoxYgDk0rYFzEElj6855inznkKy0gcQDVyDtW4LF/HTp4POE9dId4mOCZE2JLEBs62LeGnSlPcKM1DgmCvcMKs331bq9y5zLBRgZLDkt2kkwb4XO8pkWLMGRw4sVSHf6c3ZmHFNJwfFcCyBHm57fgObovwVLHn2BPqVELFYtJkycwgJnzz3kg==
<HMI screen>,ENG_Manual_Power,Button_6,Text ON,Text,Text,,,,n/fiIMPodCJHUZtr3ddTszBEeIWAgtikKuKlhseZxdqrRtsmxLK+9M6S1UsgtILTpWDoZLIRIN0FDzcSJSsDAimdAddl6Q4U5yoxYgDk0rYFzEElj6855inznkKy0gcQDVyDtW4LF/HTp4POE9dId4mOCZE2JLEBs62LeGnSlPcKM1DgmCvcMKs331bq9y5zbVcuYFhQuOKLdEZ5w3690WNPhaMD5AUZugTe1XECtDcGBrSD+XSSXqhCuqQT8VpZ0BhGHj39IvbnmJCSqahRGg==
<HMI screen>,ENG_Manual_Power,Button_7,Text ON,Text,Text,,,,n/fiIMPodCJHUZtr3ddTszBEeIWAgtikKuKlhseZxdqrRtsmxLK+9M6S1UsgtILTpWDoZLIRIN0FDzcSJSsDAimdAddl6Q4U5yoxYgDk0rYFzEElj6855inznkKy0gcQDVyDtW4LF/HTp4POE9dId4mOCZE2JLEBs62LeGnSlPcKM1DgmCvcMKs331bq9y5zuxXk9RknXeptaZVwo3HJTSftcrvTOrBCBILtjlKqDfQ6OBgnySsIqkwd3cEpssazexF6oRaIgcxydv4Y3V2T6Q==
<HMI screen>,ENG_Manual_Power,Button_8,Text ON,Text,Text,,,,n/fiIMPodCJHUZtr3ddTszBEeIWAgtikKuKlhseZxdqrRtsmxLK+9M6S1UsgtILTpWDoZLIRIN0FDzcSJSsDAimdAddl6Q4U5yoxYgDk0rYFzEElj6855inznkKy0gcQDVyDtW4LF/HTp4POE9dId4mOCZE2JLEBs62LeGnSlPcKM1DgmCvcMKs331bq9y5zXbH+3OtFaOWWwBGT+XLeHaItRaK8lFxrWGXqUxUlFQ+5xjkt4STE7kfZZr1RTLUP+D/os2pQzmWX+BsKgSAEMA==
<HMI screen>,ENG_Manual_Power,Button_16,Text ON,Text,Text,,,,n/fiIMPodCJHUZtr3ddTszBEeIWAgtikKuKlhseZxdqrRtsmxLK+9M6S1UsgtILTpWDoZLIRIN0FDzcSJSsDAimdAddl6Q4U5yoxYgDk0rYFzEElj6855inznkKy0gcQDVyDtW4LF/HTp4POE9dId4mOCZE2JLEBs62LeGnSlPcKM1DgmCvcMKs331bq9y5zw8/GLS46EAiTVn091hiswSkgQvXGZZKGYqIArPcSXxBhAgnoaW1d7F4oUpEpxsHbAGKPV4c8jZA+35eU+wLmIA==
<HMI screen>,ENG_Manual_Power,Button_17,Text ON,Text,Text,,,,n/fiIMPodCJHUZtr3ddTszBEeIWAgtikKuKlhseZxdqrRtsmxLK+9M6S1UsgtILTpWDoZLIRIN0FDzcSJSsDAimdAddl6Q4U5yoxYgDk0rYFzEElj6855inznkKy0gcQDVyDtW4LF/HTp4POE9dId4mOCZE2JLEBs62LeGnSlPcKM1DgmCvcMKs331bq9y5zguNWFUv6X2bejJWqybqmhhzGpQYQz6VfKkVjunWlZZWbbySed72jWs8mLElnzWwdpKn3I2VZEOJyCU6BAfajiA==
<HMI screen>,ENG_Manual_Power,Button_5,Text ON,Text,Text,,,,n/fiIMPodCJHUZtr3ddTszBEeIWAgtikKuKlhseZxdqrRtsmxLK+9M6S1UsgtILTpWDoZLIRIN0FDzcSJSsDAimdAddl6Q4U5yoxYgDk0rYFzEElj6855inznkKy0gcQDVyDtW4LF/HTp4POE9dId4mOCZE2JLEBs62LeGnSlPcKM1DgmCvcMKs331bq9y5zlwYbdh0pFMbU99fIzYTugEEzus6eDn7/PNIRPl+cGCpp/+bVby02Ep9zwpak2d2FBJkS1JnUFAyWZ17Tg1P32g==
<HMI screen>,Group_2,Button_2,Text OFF,PUSH,PULSAR,,,,n/fiIMPodCJHUZtr3ddTszBEeIWAgtikKuKlhseZxdqrRtsmxLK+9M6S1UsgtILTpWDoZLIRIN0FDzcSJSsDAimdAddl6Q4U5yoxYgDk0rYFzEElj6855inznkKy0gcQDVyDtW4LF/HTp4POE9dId4mOCZE2JLEBs62LeGnSlPcKM1DgmCvcMKs331bq9y5zceAklLEFuASs4meZlBQNDEgZLRNxUJFfD2n7EUQMDPNCC21wxhJRuQwNOxtY/rwKNpghVVhg9oWa8e06y/aa4g==
<HMI screen>,Group_2,Button_1,Text OFF,PUSH,PULSAR,,,,n/fiIMPodCJHUZtr3ddTszBEeIWAgtikKuKlhseZxdqrRtsmxLK+9M6S1UsgtILTpWDoZLIRIN0FDzcSJSsDAimdAddl6Q4U5yoxYgDk0rYFzEElj6855inznkKy0gcQDVyDtW4LF/HTp4POE9dId4mOCZE2JLEBs62LeGnSlPcKM1DgmCvcMKs331bq9y5zWxuX3R9XlB5kpFOE6Hpg1bg2LhbbPxVRL57E75oU0YRmR1M1B15hL+ewPN5Dl+2k/XbtYUGq/mIbQLuXOVFd/A==
<HMI screen>,Group_2,Button_1,Text ON,Text,Text,,,,n/fiIMPodCJHUZtr3ddTszBEeIWAgtikKuKlhseZxdqrRtsmxLK+9M6S1UsgtILTpWDoZLIRIN0FDzcSJSsDAimdAddl6Q4U5yoxYgDk0rYFzEElj6855inznkKy0gcQDVyDtW4LF/HTp4POE9dId4mOCZE2JLEBs62LeGnSlPcKM1DgmCvcMKs331bq9y5zp1ZxBykLSZxzdUgWKOLGynBjGTUjRbQzhBn7W8gsyy6Qb7VmnNwg7rvG5YQsp9aI3LTLAuzn1kuV4BUf0yfk4Q==
<HMI screen>,Group_2,Button_2,Text ON,Text,Text,,,,n/fiIMPodCJHUZtr3ddTszBEeIWAgtikKuKlhseZxdqrRtsmxLK+9M6S1UsgtILTpWDoZLIRIN0FDzcSJSsDAimdAddl6Q4U5yoxYgDk0rYFzEElj6855inznkKy0gcQDVyDtW4LF/HTp4POE9dId4mOCZE2JLEBs62LeGnSlPcKM1DgmCvcMKs331bq9y5zc+8H/NSJHEBGiwvulP0Bu8FiOnmMXnv6MdIHLGwrZG0KndqtJ5e2FwgvVPHLkGUbiF1i80vitofqF5gDhuMuig==
<HMI screen>,Group_2,Text field_3,Text,X,X,,,,n/fiIMPodCJHUZtr3ddTszBEeIWAgtikKuKlhseZxdqrRtsmxLK+9M6S1UsgtILTpWDoZLIRIN0FDzcSJSsDAimdAddl6Q4U5yoxYgDk0rYFzEElj6855inznkKy0gcQDVyDtW4LF/HTp4POE9dId4mOCZE2JLEBs62LeGnSlPcKM1DgmCvcMKs331bq9y5zFPinvuS9o7G79y7c3a7I7zWiZjVkWl/R3ftTo6t3FM52mJ/iIdQHGvKbdATMwxeoA7B8Cx3giJtdPzGy7U3b8g==
<HMI screen>,Group_4,Text field_9,Text,ACT POS,ACT POS,,,,n/fiIMPodCJHUZtr3ddTszBEeIWAgtikKuKlhseZxdqrRtsmxLK+9M6S1UsgtILTpWDoZLIRIN0FDzcSJSsDAimdAddl6Q4U5yoxYgDk0rYFzEElj6855inznkKy0gcQDVyDtW4LF/HTp4POE9dId4mOCZE2JLEBs62LeGnSlPcKM1DgmCvcMKs331bq9y5zZ0uE3nXqgK05Fo+fLYNkFEMvWYROKCUOxfIhzlhHr/RZ0kndeXD0koKRE8gtM0G1RomLKLIa0ML2RqmMq8ji3w==
<HMI screen>,Group_4,Text field_10,Text,ACT VEL,ACT VEL,,,,n/fiIMPodCJHUZtr3ddTszBEeIWAgtikKuKlhseZxdqrRtsmxLK+9M6S1UsgtILTpWDoZLIRIN0FDzcSJSsDAimdAddl6Q4U5yoxYgDk0rYFzEElj6855inznkKy0gcQDVyDtW4LF/HTp4POE9dId4mOCZE2JLEBs62LeGnSlPcKM1DgmCvcMKs331bq9y5zva0zYrwKx5+BGSnnnWJr+HUWDpbjrh4rgQgzlkir1TnHrzCnh5StN+9JMTMEvNYw+7BO4ufmasr92aQbrZhCIQ==
<HMI screen>,Group_4,Text field_8,Text,BACKWARD,ATRÁS,,,,n/fiIMPodCJHUZtr3ddTszBEeIWAgtikKuKlhseZxdqrRtsmxLK+9M6S1UsgtILTpWDoZLIRIN0FDzcSJSsDAimdAddl6Q4U5yoxYgDk0rYFzEElj6855inznkKy0gcQDVyDtW4LF/HTp4POE9dId4mOCZE2JLEBs62LeGnSlPcKM1DgmCvcMKs331bq9y5zBz7h/0vx0XnPaO9/CghNrZSP6Bm8Qbi77Q026Kk4xL+v3TQ7lDjR5XcBmFigq+YDhk3QiIwaaMKRDWZIb0eeVg==
<HMI screen>,Group_4,Text field_6,Text,FORWARD,ADELANTE,,,,n/fiIMPodCJHUZtr3ddTszBEeIWAgtikKuKlhseZxdqrRtsmxLK+9M6S1UsgtILTpWDoZLIRIN0FDzcSJSsDAimdAddl6Q4U5yoxYgDk0rYFzEElj6855inznkKy0gcQDVyDtW4LF/HTp4POE9dId4mOCZE2JLEBs62LeGnSlPcKM1DgmCvcMKs331bq9y5zPlfemoIKwLidTAPJOI/pNYVtpVR8Ay37RH47CpEQD8sQ7gD9GDscaWV5qkIIGI0gvsoDqTfsYqtdZOwsQ77R1Q==
<Alarm>,HMI alarms,Discrete alarm_23,Alarm text,Reserved Tool Error,Error de herramienta reservado,,,,n/fiIMPodCJHUZtr3ddTszBEeIWAgtikKuKlhseZxdqrRtsmxLK+9M6S1UsgtILTpWDoZLIRIN0FDzcSJSsDAimdAddl6Q4U5yoxYgDk0rYFzEElj6855inznkKy0gcQDVyDtW4LF/HTp4POE9dId4mOCZE2JLEBs62LeGnSlPcKM1DgmCvcMKs331bq9y5zVEbHX47pq8BWWeTx9ro+fMOGyLUifqFRYDaFWCFyQePwbsBTmbEi0G/dh48eyuVWytEA6PpI8wvX+HdnWreUfw==
<Alarm>,HMI alarms,Discrete alarm_42,Alarm text,Reserved Tool Error,Error de herramienta reservado,,,,n/fiIMPodCJHUZtr3ddTszBEeIWAgtikKuKlhseZxdqrRtsmxLK+9M6S1UsgtILTpWDoZLIRIN0FDzcSJSsDAimdAddl6Q4U5yoxYgDk0rYFzEElj6855inznkKy0gcQDVyDtW4LF/HTp4POE9dId4mOCZE2JLEBs62LeGnSlPcKM1DgmCvcMKs331bq9y5zl7ZB9xH0pcSlHMEt0vQsS16s5lnBgFiCAsI5uwm/soKmG6xSvyT+UylWnAoRJRqjDaDXaDhZIaHoBhApNIIwyw==
<Alarm>,HMI alarms,Discrete alarm_43,Alarm text,Reserved Tool Error,Error de herramienta reservado,,,,n/fiIMPodCJHUZtr3ddTszBEeIWAgtikKuKlhseZxdqrRtsmxLK+9M6S1UsgtILTpWDoZLIRIN0FDzcSJSsDAimdAddl6Q4U5yoxYgDk0rYFzEElj6855inznkKy0gcQDVyDtW4LF/HTp4POE9dId4mOCZE2JLEBs62LeGnSlPcKM1DgmCvcMKs331bq9y5zeSKEISLyn/p1T6ruci1xm2fRY7QOoc+wpDoDeTvmUtKw0MZ9ZGoGwILdHWdZu5QEnrfxAEgQ71nhFaDUf22ekg==
<Alarm>,HMI alarms,Discrete alarm_41,Alarm text,Reserved Tool Error,Error de herramienta reservado,,,,n/fiIMPodCJHUZtr3ddTszBEeIWAgtikKuKlhseZxdqrRtsmxLK+9M6S1UsgtILTpWDoZLIRIN0FDzcSJSsDAimdAddl6Q4U5yoxYgDk0rYFzEElj6855inznkKy0gcQDVyDtW4LF/HTp4POE9dId4mOCZE2JLEBs62LeGnSlPcKM1DgmCvcMKs331bq9y5zYOKhYmHehfbVpwhLqOQrs66AwQeIrr3GOSK+PTUxhSIqBj4wSV4pPQSYFPXDGh11iV0MjvmsxBQG71gecTluSQ==
<Alarm>,HMI alarms,Discrete alarm_44,Alarm text,Reserved Tool Error,Error de herramienta reservado,,,,n/fiIMPodCJHUZtr3ddTszBEeIWAgtikKuKlhseZxdqrRtsmxLK+9M6S1UsgtILTpWDoZLIRIN0FDzcSJSsDAimdAddl6Q4U5yoxYgDk0rYFzEElj6855inznkKy0gcQDVyDtW4LF/HTp4POE9dId4mOCZE2JLEBs62LeGnSlPcKM1DgmCvcMKs331bq9y5zuwZVkLvUbfs5TBvTI+dR1HGippZH/si5F1PRQITVQgX/xyfyQ+tz86v6dI9jSsZsUqEbt/UeITssICde+XBmiA==
<Alarm>,HMI alarms,Discrete alarm_24,Alarm text,Reserved Tool Error,Error de herramienta reservado,,,,n/fiIMPodCJHUZtr3ddTszBEeIWAgtikKuKlhseZxdqrRtsmxLK+9M6S1UsgtILTpWDoZLIRIN0FDzcSJSsDAimdAddl6Q4U5yoxYgDk0rYFzEElj6855inznkKy0gcQDVyDtW4LF/HTp4POE9dId4mOCZE2JLEBs62LeGnSlPcKM1DgmCvcMKs331bq9y5z51aOTODI/GsTWsa5GuzydlQ+uACpNhS+t18OHM4D2mdWzLpd4tbB/09IxzT3fK3m2QIaTkU2dMrOdKw9isQLxA==
<Alarm>,HMI alarms,Discrete alarm_22,Alarm text,Reserved Tool Error,Error de herramienta reservado,,,,n/fiIMPodCJHUZtr3ddTszBEeIWAgtikKuKlhseZxdqrRtsmxLK+9M6S1UsgtILTpWDoZLIRIN0FDzcSJSsDAimdAddl6Q4U5yoxYgDk0rYFzEElj6855inznkKy0gcQDVyDtW4LF/HTp4POE9dId4mOCZE2JLEBs62LeGnSlPcKM1DgmCvcMKs331bq9y5z+n3Mh+HMjERUrRiBIUwXO3R6fB5huPsagj0XrvWStNcckw7hDIt+Uir1UEemsKdCS4a7jXCpYJzdtivTUC08lg==
<Alarm>,HMI alarms,Discrete alarm_7,Alarm text,Tool axis homing failed,Eje herramienta: fallo de referenciado,Eje herramienta: fallo de referenciado,Tool Axis: Homing failed,0.98,n/fiIMPodCJHUZtr3ddTszBEeIWAgtikKuKlhseZxdqrRtsmxLK+9M6S1UsgtILTpWDoZLIRIN0FDzcSJSsDAimdAddl6Q4U5yoxYgDk0rYFzEElj6855inznkKy0gcQDVyDtW4LF/HTp4POE9dId4mOCZE2JLEBs62LeGnSlPcKM1DgmCvcMKs331bq9y5zaKUHWTpj2aAQuSPj1z8LMv/6Gy+KdPt/HYZ2isNQ79Jp0PTxPGY/0iIlpo6h5EJtG/HenHhGXo+pTeXeytLAJg==
<Alarm>,HMI alarms,Discrete alarm_6,Alarm text,Tool axis move failed,Eje herramienta: fallo de movimiento,Eje herramienta: fallo de movimiento,Tool Axis: Move failed,0.98,n/fiIMPodCJHUZtr3ddTszBEeIWAgtikKuKlhseZxdqrRtsmxLK+9M6S1UsgtILTpWDoZLIRIN0FDzcSJSsDAimdAddl6Q4U5yoxYgDk0rYFzEElj6855inznkKy0gcQDVyDtW4LF/HTp4POE9dId4mOCZE2JLEBs62LeGnSlPcKM1DgmCvcMKs331bq9y5zgNZMfUgzoCWVNipe/RQFboJZpkiewTSGd+EghNEiEXHMMRw5mPRv60UO02ZBGwuX3rrsMgh0eTxdfdHXjQIuaA==
<Alarm>,HMI alarms,Discrete alarm_20,Alarm text,Tool retract position failed,Fallo en posición de retracción de herramienta,Fallo en rotacion de herramienta,Tool rotation failed,0.79,n/fiIMPodCJHUZtr3ddTszBEeIWAgtikKuKlhseZxdqrRtsmxLK+9M6S1UsgtILTpWDoZLIRIN0FDzcSJSsDAimdAddl6Q4U5yoxYgDk0rYFzEElj6855inznkKy0gcQDVyDtW4LF/HTp4POE9dId4mOCZE2JLEBs62LeGnSlPcKM1DgmCvcMKs331bq9y5zmrFJ0QtkJrTTCoQ1LkplIZhUw+uI7yqKhJ9lULYXq+YRs3cb5DZgn8O18Wx+hwi1PRg8RKgSFLQVD3Xom4pkJw==
<Alarm>,HMI alarms,Discrete alarm_31,Alarm text,Undefined Axis Error,Error de eje no definido,,,,n/fiIMPodCJHUZtr3ddTszBEeIWAgtikKuKlhseZxdqrRtsmxLK+9M6S1UsgtILTpWDoZLIRIN0FDzcSJSsDAimdAddl6Q4U5yoxYgDk0rYFzEElj6855inznkKy0gcQDVyDtW4LF/HTp4POE9dId4mOCZE2JLEBs62LeGnSlPcKM1DgmCvcMKs331bq9y5zOv1in4x2Ge6ZdlAl+Ov9eXLvDjSYFz9zJ+YX0MgUZjFe24auNGSBNqPHSIfGOwVFC+4BYmaTefKst3IRPk6SAQ==
<Alarm>,HMI alarms,Discrete alarm_28,Alarm text,Undefined Axis Error,Error de eje no definido,,,,n/fiIMPodCJHUZtr3ddTszBEeIWAgtikKuKlhseZxdqrRtsmxLK+9M6S1UsgtILTpWDoZLIRIN0FDzcSJSsDAimdAddl6Q4U5yoxYgDk0rYFzEElj6855inznkKy0gcQDVyDtW4LF/HTp4POE9dId4mOCZE2JLEBs62LeGnSlPcKM1DgmCvcMKs331bq9y5zBECZ8J3Il2jsDWaZGjstpm+M35e0JLNiglhrcn0KcfvKkOrT/rlJ6eMLNw+RWPCeCEVId59obP/aguWGEjdD+g==
<Alarm>,HMI alarms,Discrete alarm_34,Alarm text,Undefined Axis Error,Error de eje no definido,,,,n/fiIMPodCJHUZtr3ddTszBEeIWAgtikKuKlhseZxdqrRtsmxLK+9M6S1UsgtILTpWDoZLIRIN0FDzcSJSsDAimdAddl6Q4U5yoxYgDk0rYFzEElj6855inznkKy0gcQDVyDtW4LF/HTp4POE9dId4mOCZE2JLEBs62LeGnSlPcKM1DgmCvcMKs331bq9y5zaQwwOS3EkMzrTMDdd6cL6RQLCtoCLABBPdmj59JuilOHvJaIEdA44rIsaMnBGP+RjR+qtdc8iH82apcFja4j0Q==
<Alarm>,HMI alarms,Discrete alarm_33,Alarm text,Undefined Axis Error,Error de eje no definido,,,,n/fiIMPodCJHUZtr3ddTszBEeIWAgtikKuKlhseZxdqrRtsmxLK+9M6S1UsgtILTpWDoZLIRIN0FDzcSJSsDAimdAddl6Q4U5yoxYgDk0rYFzEElj6855inznkKy0gcQDVyDtW4LF/HTp4POE9dId4mOCZE2JLEBs62LeGnSlPcKM1DgmCvcMKs331bq9y5zVZ1/MYLyMScQnByK91xe/e8bATh/Bd9ZSyNJZM8qF4KF2t8na+8TxSsgKHlUfZ6jAt7AkqlTFEhZwwxpw5fT2A==
<Alarm>,HMI alarms,Discrete alarm_32,Alarm text,Undefined Axis Error,Error de eje no definido,,,,n/fiIMPodCJHUZtr3ddTszBEeIWAgtikKuKlhseZxdqrRtsmxLK+9M6S1UsgtILTpWDoZLIRIN0FDzcSJSsDAimdAddl6Q4U5yoxYgDk0rYFzEElj6855inznkKy0gcQDVyDtW4LF/HTp4POE9dId4mOCZE2JLEBs62LeGnSlPcKM1DgmCvcMKs331bq9y5zUC1t1YYeltrlrEEdJI0+TNCr+fEm/OBztxbHsY1wRYDW67BxsnpgGdPZbKn9WWx80lPA53YWXRvDd2QmhNFfhg==
<Alarm>,HMI alarms,Discrete alarm_30,Alarm text,Undefined Axis Error,Error de eje no definido,,,,n/fiIMPodCJHUZtr3ddTszBEeIWAgtikKuKlhseZxdqrRtsmxLK+9M6S1UsgtILTpWDoZLIRIN0FDzcSJSsDAimdAddl6Q4U5yoxYgDk0rYFzEElj6855inznkKy0gcQDVyDtW4LF/HTp4POE9dId4mOCZE2JLEBs62LeGnSlPcKM1DgmCvcMKs331bq9y5zMRyza4jqqJTO2RS/s1sZveUhDe0HWPM8pt/eE15ODB7Jgbxo6wNsAS/hf6nn/zQPqiGH8ywzi9wmo2APzRmbjQ==
<Alarm>,HMI alarms,Discrete alarm_29,Alarm text,Undefined Axis Error,Error de eje no definido,,,,n/fiIMPodCJHUZtr3ddTszBEeIWAgtikKuKlhseZxdqrRtsmxLK+9M6S1UsgtILTpWDoZLIRIN0FDzcSJSsDAimdAddl6Q4U5yoxYgDk0rYFzEElj6855inznkKy0gcQDVyDtW4LF/HTp4POE9dId4mOCZE2JLEBs62LeGnSlPcKM1DgmCvcMKs331bq9y5z8xQRucBydqjj4TbfwWnsu1ZsxP5baNQEdlks9/1KlB0Iq4QZ+M94nExXfXt2w4goZ9GS7Z2+s26LJ7nLPwS1ug==
<Alarm>,HMI alarms,Discrete alarm_40,Alarm text,Undefined Limit Error,Error de límite no definido,,,,n/fiIMPodCJHUZtr3ddTszBEeIWAgtikKuKlhseZxdqrRtsmxLK+9M6S1UsgtILTpWDoZLIRIN0FDzcSJSsDAimdAddl6Q4U5yoxYgDk0rYFzEElj6855inznkKy0gcQDVyDtW4LF/HTp4POE9dId4mOCZE2JLEBs62LeGnSlPcKM1DgmCvcMKs331bq9y5zD+nScsY9sTIwZann9+XcdykjLJW32mLorNEmpvdGx0EPXGQZFLtwgWjpfTXXi4f6BKbXK82JJYkkq2FPMWo/fA==
<Alarm>,HMI alarms,Discrete alarm_39,Alarm text,Undefined Limit Error,Error de límite no definido,,,,n/fiIMPodCJHUZtr3ddTszBEeIWAgtikKuKlhseZxdqrRtsmxLK+9M6S1UsgtILTpWDoZLIRIN0FDzcSJSsDAimdAddl6Q4U5yoxYgDk0rYFzEElj6855inznkKy0gcQDVyDtW4LF/HTp4POE9dId4mOCZE2JLEBs62LeGnSlPcKM1DgmCvcMKs331bq9y5z1S3y4ETD8OAzQrd62mrf512E6bdd0LseclQrbzUikMAxry5gkasNi+uffO8iu6yWr/tThi+mrp80OFBhHLylyA==
<Alarm>,HMI alarms,Discrete alarm_38,Alarm text,Undefined Limit Error,Error de límite no definido,,,,n/fiIMPodCJHUZtr3ddTszBEeIWAgtikKuKlhseZxdqrRtsmxLK+9M6S1UsgtILTpWDoZLIRIN0FDzcSJSsDAimdAddl6Q4U5yoxYgDk0rYFzEElj6855inznkKy0gcQDVyDtW4LF/HTp4POE9dId4mOCZE2JLEBs62LeGnSlPcKM1DgmCvcMKs331bq9y5zIjpbceCxlDW2tJn/pkFOIY78A2dX//X1nWDc6ncjUXzHed/gsGRwWd1HoKgTC3Kze2jiN94O7totZGmr6brxlA==
<Alarm>,HMI alarms,Discrete alarm_47,Alarm text,Undefined Recipe Error,Error de receta no definido,,,,n/fiIMPodCJHUZtr3ddTszBEeIWAgtikKuKlhseZxdqrRtsmxLK+9M6S1UsgtILTpWDoZLIRIN0FDzcSJSsDAimdAddl6Q4U5yoxYgDk0rYFzEElj6855inznkKy0gcQDVyDtW4LF/HTp4POE9dId4mOCZE2JLEBs62LeGnSlPcKM1DgmCvcMKs331bq9y5zmnW6AvXGMSlYTJhwdZdRmQWFOnemrEZiG5zjBanhtXQjfPY2Vq7GcqBY0MDvQ3b7Ow62XsSkr7ZJ7brzUDDBCg==
<Alarm>,HMI alarms,Discrete alarm_54,Alarm text,Undefined Safety Error,Error de seguridad no definido,,,,n/fiIMPodCJHUZtr3ddTszBEeIWAgtikKuKlhseZxdqrRtsmxLK+9M6S1UsgtILTpWDoZLIRIN0FDzcSJSsDAimdAddl6Q4U5yoxYgDk0rYFzEElj6855inznkKy0gcQDVyDtW4LF/HTp4POE9dId4mOCZE2JLEBs62LeGnSlPcKM1DgmCvcMKs331bq9y5zWTQiBhq4oVy6p2yuPkE1RE9gZ4Umu53u8+x2b73UMLN6w0lwC4Nr7yIDw+9PBRmUPZmcaU+e9J1jZPWvgj9big==
<Alarm>,HMI alarms,Discrete alarm_53,Alarm text,Undefined Safety Error,Error de seguridad no definido,,,,n/fiIMPodCJHUZtr3ddTszBEeIWAgtikKuKlhseZxdqrRtsmxLK+9M6S1UsgtILTpWDoZLIRIN0FDzcSJSsDAimdAddl6Q4U5yoxYgDk0rYFzEElj6855inznkKy0gcQDVyDtW4LF/HTp4POE9dId4mOCZE2JLEBs62LeGnSlPcKM1DgmCvcMKs331bq9y5zT9/bsYNZtD0JtN7+zzCw8T3hS4FuNTcN7lB6pnPLXZD7LAEhHPXf1b1PAi3aFfVTnSSAb5EkGNa23GLHct/q3Q==
<Alarm>,HMI alarms,Discrete alarm_55,Alarm text,Undefined Safety Error,Error de seguridad no definido,,,,n/fiIMPodCJHUZtr3ddTszBEeIWAgtikKuKlhseZxdqrRtsmxLK+9M6S1UsgtILTpWDoZLIRIN0FDzcSJSsDAimdAddl6Q4U5yoxYgDk0rYFzEElj6855inznkKy0gcQDVyDtW4LF/HTp4POE9dId4mOCZE2JLEBs62LeGnSlPcKM1DgmCvcMKs331bq9y5zOKqD/KMquEPJGcJ7wZLzFCR2HHX29zQTrNEJpPoBs+KqNpRf0oP92S1VmYJIvP1s6DGvnwA0vyy6nVB2JQE1cg==
<Alarm>,HMI alarms,Discrete alarm_56,Alarm text,Undefined Safety Error,Error de seguridad no definido,,,,n/fiIMPodCJHUZtr3ddTszBEeIWAgtikKuKlhseZxdqrRtsmxLK+9M6S1UsgtILTpWDoZLIRIN0FDzcSJSsDAimdAddl6Q4U5yoxYgDk0rYFzEElj6855inznkKy0gcQDVyDtW4LF/HTp4POE9dId4mOCZE2JLEBs62LeGnSlPcKM1DgmCvcMKs331bq9y5z/3M2ajAH2D8mTnCG8EbXQYGz2RmULDid/pSSCnbaFk3m5ulopmHf+llr+6ZJEIPwXuA49STVEY7nK4nPSJ7ONw==
<Alarm>,HMI alarms,Discrete alarm_61,Alarm text,Undefined Spindle Error,Error de husillo no definido,,,,n/fiIMPodCJHUZtr3ddTszBEeIWAgtikKuKlhseZxdqrRtsmxLK+9M6S1UsgtILTpWDoZLIRIN0FDzcSJSsDAimdAddl6Q4U5yoxYgDk0rYFzEElj6855inznkKy0gcQDVyDtW4LF/HTp4POE9dId4mOCZE2JLEBs62LeGnSlPcKM1DgmCvcMKs331bq9y5zFnaU2zxAeDYdlajXcYFAZXF8QM/J2EUonBwXdl0N5NYpe6fsE2+nuTHrYCepXduXBenmYpj9SdiCVxoBMAnItg==
<Alarm>,HMI alarms,Discrete alarm_35,Alarm text,X MAX limit switch hit!,¡Fin de carrera X MAX activado!,,,,n/fiIMPodCJHUZtr3ddTszBEeIWAgtikKuKlhseZxdqrRtsmxLK+9M6S1UsgtILTpWDoZLIRIN0FDzcSJSsDAimdAddl6Q4U5yoxYgDk0rYFzEElj6855inznkKy0gcQDVyDtW4LF/HTp4POE9dId4mOCZE2JLEBs62LeGnSlPcKM1DgmCvcMKs331bq9y5zJCnyaRdj/mbGi2CdOLsCoeq975qWlKvJznRZUeaqLuHPhup7hS108dnen6fvYJn5wjXTFtipiaXDwn7YbjzViQ==
<Alarm>,HMI alarms,Discrete alarm_10,Alarm text,X MIN limit switch hit!,¡Fin de carrera X MIN activado!,,,,n/fiIMPodCJHUZtr3ddTszBEeIWAgtikKuKlhseZxdqrRtsmxLK+9M6S1UsgtILTpWDoZLIRIN0FDzcSJSsDAimdAddl6Q4U5yoxYgDk0rYFzEElj6855inznkKy0gcQDVyDtW4LF/HTp4POE9dId4mOCZE2JLEBs62LeGnSlPcKM1DgmCvcMKs331bq9y5zVRorpjOj3OALoTN7CooEAW6yaMSb7veFtfepanHS45eQfSgA3gXjaoEN0qtKPn0c2utIB6tEUhRiILt7eE43BQ==
<Alarm>,HMI alarms,Discrete alarm_15,Alarm text,X above MAX soft limit,X fuera de límite máximo,X fuera de limite maximo,X beyond MAX soft limit,0.84,n/fiIMPodCJHUZtr3ddTszBEeIWAgtikKuKlhseZxdqrRtsmxLK+9M6S1UsgtILTpWDoZLIRIN0FDzcSJSsDAimdAddl6Q4U5yoxYgDk0rYFzEElj6855inznkKy0gcQDVyDtW4LF/HTp4POE9dId4mOCZE2JLEBs62LeGnSlPcKM1DgmCvcMKs331bq9y5z1inndP7a1Gdv1pvnO+/Q1X2kNLgZq1N5qGfsMQys4X5yGhJ8AszFMNwls+WT9B1skFfNSa0oYta/AntI1tBKrA==
<Alarm>,HMI alarms,Discrete alarm_3,Alarm text,X axis homing failed,Eje X: fallo de referenciado,Eje X: fallo en referenciado,X Axis: Homing failed,0.98,n/fiIMPodCJHUZtr3ddTszBEeIWAgtikKuKlhseZxdqrRtsmxLK+9M6S1UsgtILTpWDoZLIRIN0FDzcSJSsDAimdAddl6Q4U5yoxYgDk0rYFzEElj6855inznkKy0gcQDVyDtW4LF/HTp4POE9dId4mOCZE2JLEBs62LeGnSlPcKM1DgmCvcMKs331bq9y5z7J+MxMhXWL7BphZzHkXNA+Thhlc2bqVh3c5PxKhiPEV5BKHwcqZSU9fdjyRO65zRpHhvfMr2cVyn0w6ENH7Fmw==
<Alarm>,HMI alarms,Discrete alarm_1,Alarm text,X axis move failed,Eje X: fallo de movimiento,Eje herramienta: fallo de movimiento,Tool Axis: Move failed,0.85,n/fiIMPodCJHUZtr3ddTszBEeIWAgtikKuKlhseZxdqrRtsmxLK+9M6S1UsgtILTpWDoZLIRIN0FDzcSJSsDAimdAddl6Q4U5yoxYgDk0rYFzEElj6855inznkKy0gcQDVyDtW4LF/HTp4POE9dId4mOCZE2JLEBs62LeGnSlPcKM1DgmCvcMKs331bq9y5zYOH1/BYJfhMmJnh/kMlyqWhiWFrYDLlGNrqB8bdeYmm8krorcRCD3pnHNB0HMs+Q4DEy87+y99o0/gpXNH5yHA==
<Alarm>,HMI alarms,Discrete alarm_9,Alarm text,X below MIN soft limit,X fuera de límite mínimo,X fuera de limite minimo,X beyond MIN soft limit,0.89,n/fiIMPodCJHUZtr3ddTszBEeIWAgtikKuKlhseZxdqrRtsmxLK+9M6S1UsgtILTpWDoZLIRIN0FDzcSJSsDAimdAddl6Q4U5yoxYgDk0rYFzEElj6855inznkKy0gcQDVyDtW4LF/HTp4POE9dId4mOCZE2JLEBs62LeGnSlPcKM1DgmCvcMKs331bq9y5znO0DD6KGoXzMzoJ/PMaMDHUVAXoIzdJhs6FkvTKSK8co+mdGUkjsr4JIbbPNukIDq1CuRNN0pILt/f49NHLWVg==
<Alarm>,HMI alarms,Discrete alarm_37,Alarm text,Z MAX limit switch hit!,¡Fin de carrera Z MAX activado!,,,,n/fiIMPodCJHUZtr3ddTszBEeIWAgtikKuKlhseZxdqrRtsmxLK+9M6S1UsgtILTpWDoZLIRIN0FDzcSJSsDAimdAddl6Q4U5yoxYgDk0rYFzEElj6855inznkKy0gcQDVyDtW4LF/HTp4POE9dId4mOCZE2JLEBs62LeGnSlPcKM1DgmCvcMKs331bq9y5zeQkmYDWh410v8SnHghmBXqCOLmb4sZnVwJtD2P5z4N77WLIxL0HCXTjFSD3oQk8/qsGVL7Ce4TOvsLGs0L4q2g==
<Alarm>,HMI alarms,Discrete alarm_36,Alarm text,Z MIN limit switch hit!,¡Fin de carrera Z MIN activado!,,,,n/fiIMPodCJHUZtr3ddTszBEeIWAgtikKuKlhseZxdqrRtsmxLK+9M6S1UsgtILTpWDoZLIRIN0FDzcSJSsDAimdAddl6Q4U5yoxYgDk0rYFzEElj6855inznkKy0gcQDVyDtW4LF/HTp4POE9dId4mOCZE2JLEBs62LeGnSlPcKM1DgmCvcMKs331bq9y5zaqzScNDuBHmk/eAcSNSEOp4jIWcmg3qIj6DtFc0qeaFZemqeIy/Phc9IagT7jCJ2U6T0mjvSxsKOtxaEquoouA==
<Alarm>,HMI alarms,Discrete alarm_17,Alarm text,Z above MAX soft limit,Z fuera de límite máximo,Z fuera de limite maximo,Z beyond MAX soft limit,0.84,n/fiIMPodCJHUZtr3ddTszBEeIWAgtikKuKlhseZxdqrRtsmxLK+9M6S1UsgtILTpWDoZLIRIN0FDzcSJSsDAimdAddl6Q4U5yoxYgDk0rYFzEElj6855inznkKy0gcQDVyDtW4LF/HTp4POE9dId4mOCZE2JLEBs62LeGnSlPcKM1DgmCvcMKs331bq9y5zv83FoPWTf52crBV1Iw3eFlQds4sr4Eej4IUsxFD9l2S5/9+V4ftmvIvlkGbq8phaMPggf52cWITwP6jiODgaGw==
<Alarm>,HMI alarms,Discrete alarm_4,Alarm text,Z axis homing failed,Eje Z: fallo de referenciado,Eje Z: fallo en referenciado,Z Axis: Homing failed,0.98,n/fiIMPodCJHUZtr3ddTszBEeIWAgtikKuKlhseZxdqrRtsmxLK+9M6S1UsgtILTpWDoZLIRIN0FDzcSJSsDAimdAddl6Q4U5yoxYgDk0rYFzEElj6855inznkKy0gcQDVyDtW4LF/HTp4POE9dId4mOCZE2JLEBs62LeGnSlPcKM1DgmCvcMKs331bq9y5zZVrVeJ1B5x7U6x4AtyhO1zV+nK2BQXdQAphbqGY0qxGkoRllNZRAB8vIcb1BfSGOpKb9UwVaOOe/D+f6yWd+PQ==
<Alarm>,HMI alarms,Discrete alarm_2,Alarm text,Z axis move failed,Eje Z: fallo de movimiento,Eje herramienta: fallo de movimiento,Tool Axis: Move failed,0.85,n/fiIMPodCJHUZtr3ddTszBEeIWAgtikKuKlhseZxdqrRtsmxLK+9M6S1UsgtILTpWDoZLIRIN0FDzcSJSsDAimdAddl6Q4U5yoxYgDk0rYFzEElj6855inznkKy0gcQDVyDtW4LF/HTp4POE9dId4mOCZE2JLEBs62LeGnSlPcKM1DgmCvcMKs331bq9y5zEt2u3zP+mZZ1lVC3vJdfafW+aTHl0rukwSZKq8gQKsrg0HJe7nFLTqj9yHmDycYZO3VxB1ctMfUf4hfPb9z2GA==
<Alarm>,HMI alarms,Discrete alarm_16,Alarm text,Z below MIN soft limit,Z fuera de límite mínimo,Z fuera de limite minimo,Z beyond MIN soft limit,0.89,n/fiIMPodCJHUZtr3ddTszBEeIWAgtikKuKlhseZxdqrRtsmxLK+9M6S1UsgtILTpWDoZLIRIN0FDzcSJSsDAimdAddl6Q4U5yoxYgDk0rYFzEElj6855inznkKy0gcQDVyDtW4LF/HTp4POE9dId4mOCZE2JLEBs62LeGnSlPcKM1DgmCvcMKs331bq9y5zN2amyO+cqi1q/HAAuQsY352iF33T9TtOOnqRUbeceEqOviZfGMj/OhRFp2aeIHIhNtKzsXRlesCVCi0PD02Qsw==
<HMI runtime>,ProductList,Text_list_entry_2,Text,Product_1 10x10,Product_1 10x10,,,,n/fiIMPodCJHUZtr3ddTszBEeIWAgtikKuKlhseZxdqrRtsmxLK+9M6S1UsgtILTpWDoZLIRIN0FDzcSJSsDAimdAddl6Q4U5yoxYgDk0rYFzEElj6855inznkKy0gcQDVyDtW4LF/HTp4POE9dId4mOCZE2JLEBs62LeGnSlPcKM1DgmCvcMKs331bq9y5zZoyDHG37Ka1nCkqBEipNSs2utFEEzfVNNjsIY9bnGbV9SeBzM7zjlt7AhXb5S3irzNeA7XECCmJ79sjURnciNA==
<HMI runtime>,ProductList,Text_list_entry_3,Text,Product_2 20x20,Product_2 20x20,,,,n/fiIMPodCJHUZtr3ddTszBEeIWAgtikKuKlhseZxdqrRtsmxLK+9M6S1UsgtILTpWDoZLIRIN0FDzcSJSsDAimdAddl6Q4U5yoxYgDk0rYFzEElj6855inznkKy0gcQDVyDtW4LF/HTp4POE9dId4mOCZE2JLEBs62LeGnSlPcKM1DgmCvcMKs331bq9y5zvGiWaGOwDyNgUXupEj028pRK7K1wE9bHdygwDr0qYmqmqbbanGfGLUOSmwWyn8Qb/4AgiN6BYwG02KiDkD9HBg==
<HMI runtime>,ProductList,Text_list_entry_4,Text,Product_3 30x30,Product_3 30x30,,,,n/fiIMPodCJHUZtr3ddTszBEeIWAgtikKuKlhseZxdqrRtsmxLK+9M6S1UsgtILTpWDoZLIRIN0FDzcSJSsDAimdAddl6Q4U5yoxYgDk0rYFzEElj6855inznkKy0gcQDVyDtW4LF/HTp4POE9dId4mOCZE2JLEBs62LeGnSlPcKM1DgmCvcMKs331bq9y5zQ9h3lkNPp1iMm4bsca4G0mubS3bhwUN73ZPyZ/WYaeXXYuBPBb4efeGiMT+zkjph0E9fU3vcafH9B17+qMALDg==
<HMI runtime>,ProductList,Text_list_entry_5,Text,Product_4 40x40,Product_4 40x40,,,,n/fiIMPodCJHUZtr3ddTszBEeIWAgtikKuKlhseZxdqrRtsmxLK+9M6S1UsgtILTpWDoZLIRIN0FDzcSJSsDAimdAddl6Q4U5yoxYgDk0rYFzEElj6855inznkKy0gcQDVyDtW4LF/HTp4POE9dId4mOCZE2JLEBs62LeGnSlPcKM1DgmCvcMKs331bq9y5zFB8al2hADxvMgH3yhAk+JaZrigSUW2qqruZrAz+HINjjsx/UF+3JSHo2lJN/dJJ0uPFDWjcMVkYvpoF5Ltz/Mg==
<HMI runtime>,ProductList,Text_list_entry_49,Text,Product_5 50x50,Product_5 50x50,,,,n/fiIMPodCJHUZtr3ddTszBEeIWAgtikKuKlhseZxdqrRtsmxLK+9M6S1UsgtILTpWDoZLIRIN0FDzcSJSsDAimdAddl6Q4U5yoxYgDk0rYFzEElj6855inznkKy0gcQDVyDtW4LF/HTp4POE9dId4mOCZE2JLEBs62LeGnSlPcKM1DgmCvcMKs331bq9y5z3nr4xSY4uBAJf7jsS95iC8gjbc5jWl3FgkhEkX3cCRxuQ0jIXSsegNL/wY+maaxF0VwLNQGBZIfWBkjR3Jpj/w==
<HMI runtime>,ProductList,Text_list_entry_46,Text,Product_5 50x50,Product_5 50x50,,,,n/fiIMPodCJHUZtr3ddTszBEeIWAgtikKuKlhseZxdqrRtsmxLK+9M6S1UsgtILTpWDoZLIRIN0FDzcSJSsDAimdAddl6Q4U5yoxYgDk0rYFzEElj6855inznkKy0gcQDVyDtW4LF/HTp4POE9dId4mOCZE2JLEBs62LeGnSlPcKM1DgmCvcMKs331bq9y5zjLPbmguh7tXzRsmINXIHH7FuHohmKb85s/eIT+OFbQ3CKjG5KgX15QunUsY1Af4+szpLLOB6D+zp89ajn8xm5g==
<HMI runtime>,ProductList,Text_list_entry_41,Text,Product_5 50x50,Product_5 50x50,,,,n/fiIMPodCJHUZtr3ddTszBEeIWAgtikKuKlhseZxdqrRtsmxLK+9M6S1UsgtILTpWDoZLIRIN0FDzcSJSsDAimdAddl6Q4U5yoxYgDk0rYFzEElj6855inznkKy0gcQDVyDtW4LF/HTp4POE9dId4mOCZE2JLEBs62LeGnSlPcKM1DgmCvcMKs331bq9y5zc4Jj8S1riWrETv6fIQoJ+kPrwpcyCpEFTysqip4zTeOk48qAX0TfbC/m9PJpSE8Hr+/5ixebFWpoDHY8RED+ew==
<HMI runtime>,ProductList,Text_list_entry_50,Text,Product_5 50x50,Product_5 50x50,,,,n/fiIMPodCJHUZtr3ddTszBEeIWAgtikKuKlhseZxdqrRtsmxLK+9M6S1UsgtILTpWDoZLIRIN0FDzcSJSsDAimdAddl6Q4U5yoxYgDk0rYFzEElj6855inznkKy0gcQDVyDtW4LF/HTp4POE9dId4mOCZE2JLEBs62LeGnSlPcKM1DgmCvcMKs331bq9y5zYMnCoib7JzuMs9Gvl2mUH+1fFGbOL3ValvTyNuIpy0V3e1IGBnjzOrRHBxLfcshrMCruDYoPhq8TNBYcr0pChg==
<HMI runtime>,ProductList,Text_list_entry_45,Text,Product_5 50x50,Product_5 50x50,,,,n/fiIMPodCJHUZtr3ddTszBEeIWAgtikKuKlhseZxdqrRtsmxLK+9M6S1UsgtILTpWDoZLIRIN0FDzcSJSsDAimdAddl6Q4U5yoxYgDk0rYFzEElj6855inznkKy0gcQDVyDtW4LF/HTp4POE9dId4mOCZE2JLEBs62LeGnSlPcKM1DgmCvcMKs331bq9y5zSGCC1K2SyWq9L5YA5HhVCfVy7G0NOMH2juHrxcgobCd6C0omYlSkOI+e8WPRHLXQ3j5GnTw6+yyfhzznVFyPcw==
<HMI runtime>,ProductList,Text_list_entry_42,Text,Product_5 50x50,Product_5 50x50,,,,n/fiIMPodCJHUZtr3ddTszBEeIWAgtikKuKlhseZxdqrRtsmxLK+9M6S1UsgtILTpWDoZLIRIN0FDzcSJSsDAimdAddl6Q4U5yoxYgDk0rYFzEElj6855inznkKy0gcQDVyDtW4LF/HTp4POE9dId4mOCZE2JLEBs62LeGnSlPcKM1DgmCvcMKs331bq9y5zYQgHWBBeUvP9nRDblss31KH8iw6uwQh7yAmCF7b6w3GlRs30oQc7WJWzN7hmnNuUIiETp/Jg7JD+R0ATjII4eg==
<HMI runtime>,ProductList,Text_list_entry_43,Text,Product_5 50x50,Product_5 50x50,,,,n/fiIMPodCJHUZtr3ddTszBEeIWAgtikKuKlhseZxdqrRtsmxLK+9M6S1UsgtILTpWDoZLIRIN0FDzcSJSsDAimdAddl6Q4U5yoxYgDk0rYFzEElj6855inznkKy0gcQDVyDtW4LF/HTp4POE9dId4mOCZE2JLEBs62LeGnSlPcKM1DgmCvcMKs331bq9y5z8PmiyYJt+YTgL3uARfggFhcE+vYII2G5JEITDUmhJFJweukTcDWhFWEu97u+QqtLDcc9ZcVE5PePzh0CfyPQSw==
<HMI runtime>,ProductList,Text_list_entry_44,Text,Product_5 50x50,Product_5 50x50,,,,n/fiIMPodCJHUZtr3ddTszBEeIWAgtikKuKlhseZxdqrRtsmxLK+9M6S1UsgtILTpWDoZLIRIN0FDzcSJSsDAimdAddl6Q4U5yoxYgDk0rYFzEElj6855inznkKy0gcQDVyDtW4LF/HTp4POE9dId4mOCZE2JLEBs62LeGnSlPcKM1DgmCvcMKs331bq9y5zIpgClylww/P4llcwVbIRsmDL1GeyCddbtnfP9q8Ux8XFMwsPq+SlGUDInfCddNPYqHMESVf/K9o4m0HQ/D/nXg==
<HMI runtime>,ProductList,Text_list_entry_48,Text,Product_5 50x50,Product_5 50x50,,,,n/fiIMPodCJHUZtr3ddTszBEeIWAgtikKuKlhseZxdqrRtsmxLK+9M6S1UsgtILTpWDoZLIRIN0FDzcSJSsDAimdAddl6Q4U5yoxYgDk0rYFzEElj6855inznkKy0gcQDVyDtW4LF/HTp4POE9dId4mOCZE2JLEBs62LeGnSlPcKM1DgmCvcMKs331bq9y5z2qqFSfDxI/C8H5VkEu4EhLISV8zS36OutzUpdKp9E/RZl1nmER7eIAXup4Y7lREMUK89+XThYAhB4rGPsyj9dQ==
<HMI runtime>,ProductList,Text_list_entry_47,Text,Product_5 50x50,Product_5 50x50,,,,n/fiIMPodCJHUZtr3ddTszBEeIWAgtikKuKlhseZxdqrRtsmxLK+9M6S1UsgtILTpWDoZLIRIN0FDzcSJSsDAimdAddl6Q4U5yoxYgDk0rYFzEElj6855inznkKy0gcQDVyDtW4LF/HTp4POE9dId4mOCZE2JLEBs62LeGnSlPcKM1DgmCvcMKs331bq9y5zC2gqaHI/n62DDTDuX19wQMTr37Ko0Y9E2M6Cy5dPsOPkO1ZFhhaPT6AgLySGFLwsoDeloF5+yS1v0GNfr4hnyg==
<HMI runtime>,ProductList,Text_list_entry_38,Text,Product_5 50x50,Product_5 50x50,,,,n/fiIMPodCJHUZtr3ddTszBEeIWAgtikKuKlhseZxdqrRtsmxLK+9M6S1UsgtILTpWDoZLIRIN0FDzcSJSsDAimdAddl6Q4U5yoxYgDk0rYFzEElj6855inznkKy0gcQDVyDtW4LF/HTp4POE9dId4mOCZE2JLEBs62LeGnSlPcKM1DgmCvcMKs331bq9y5zME/nxyfFIoK1iIsqqLlL+FRdIGFFUF4roPosy7GJ9dzoupucfPAH2w5A6GdL8Vw6bwOljpMONzhO/9e3rMotjA==
<HMI runtime>,ProductList,Text_list_entry_40,Text,Product_5 50x50,Product_5 50x50,,,,n/fiIMPodCJHUZtr3ddTszBEeIWAgtikKuKlhseZxdqrRtsmxLK+9M6S1UsgtILTpWDoZLIRIN0FDzcSJSsDAimdAddl6Q4U5yoxYgDk0rYFzEElj6855inznkKy0gcQDVyDtW4LF/HTp4POE9dId4mOCZE2JLEBs62LeGnSlPcKM1DgmCvcMKs331bq9y5zx51FkHIdyzHWz3BDUbOxPAZ8tYCo4wAYTU5Ti1McUaCpxcv84ymgyHXvU60MFk9rf9DQ4+R4/rXffO/Bby/2RA==
<HMI runtime>,ProductList,Text_list_entry_28,Text,Product_5 50x50,Product_5 50x50,,,,n/fiIMPodCJHUZtr3ddTszBEeIWAgtikKuKlhseZxdqrRtsmxLK+9M6S1UsgtILTpWDoZLIRIN0FDzcSJSsDAimdAddl6Q4U5yoxYgDk0rYFzEElj6855inznkKy0gcQDVyDtW4LF/HTp4POE9dId4mOCZE2JLEBs62LeGnSlPcKM1DgmCvcMKs331bq9y5z7HwbLGhzGWNTvkkMOj1q/uthU9LBw4ftfPzMsKDP0sPhwzI3Y3G5HU3xi6+FHZ+B5hrZfGyZEbAQOKvs46gkwA==
<HMI runtime>,ProductList,Text_list_entry_26,Text,Product_5 50x50,Product_5 50x50,,,,n/fiIMPodCJHUZtr3ddTszBEeIWAgtikKuKlhseZxdqrRtsmxLK+9M6S1UsgtILTpWDoZLIRIN0FDzcSJSsDAimdAddl6Q4U5yoxYgDk0rYFzEElj6855inznkKy0gcQDVyDtW4LF/HTp4POE9dId4mOCZE2JLEBs62LeGnSlPcKM1DgmCvcMKs331bq9y5zIhYvcPAMHjwKUMozcPCRIAbx3xhFTR4tD8igyQUWwxe4vUcbFS5NOuVqNFEmVwAcJ63ioS4LvVye6I4MvLkvVQ==
<HMI runtime>,ProductList,Text_list_entry_1,Text,Product_5 50x50,Product_5 50x50,,,,n/fiIMPodCJHUZtr3ddTszBEeIWAgtikKuKlhseZxdqrRtsmxLK+9M6S1UsgtILTpWDoZLIRIN0FDzcSJSsDAimdAddl6Q4U5yoxYgDk0rYFzEElj6855inznkKy0gcQDVyDtW4LF/HTp4POE9dId4mOCZE2JLEBs62LeGnSlPcKM1DgmCvcMKs331bq9y5zyWRENuCfvbziApGMFLFJL4bK2nUBqXXxe3NZ1cNIPct2eXyQjxYpP0F6idvwVHDLIVvwQDsC0Cx9mKyKOcBYlQ==
<HMI runtime>,ProductList,Text_list_entry_6,Text,Product_5 50x50,Product_5 50x50,,,,n/fiIMPodCJHUZtr3ddTszBEeIWAgtikKuKlhseZxdqrRtsmxLK+9M6S1UsgtILTpWDoZLIRIN0FDzcSJSsDAimdAddl6Q4U5yoxYgDk0rYFzEElj6855inznkKy0gcQDVyDtW4LF/HTp4POE9dId4mOCZE2JLEBs62LeGnSlPcKM1DgmCvcMKs331bq9y5zX0j+QbmMCkolkMDqxbJ5iGT9dmjBjuVe/cK0k1yiwNuTDpRWAHOC0pKvfG1Xow9L8FZv9hBQq3qgZwNZLkNTgQ==
<HMI runtime>,ProductList,Text_list_entry_7,Text,Product_5 50x50,Product_5 50x50,,,,n/fiIMPodCJHUZtr3ddTszBEeIWAgtikKuKlhseZxdqrRtsmxLK+9M6S1UsgtILTpWDoZLIRIN0FDzcSJSsDAimdAddl6Q4U5yoxYgDk0rYFzEElj6855inznkKy0gcQDVyDtW4LF/HTp4POE9dId4mOCZE2JLEBs62LeGnSlPcKM1DgmCvcMKs331bq9y5z8G/uL23wz6ztr/RvZDUcO+2Zc0n4XRuR7KASoW/9UFd9UpweiZDPrvb8pn+Xm1Ww+7axkkIvd6jUryVHKx6+hw==
<HMI runtime>,ProductList,Text_list_entry_8,Text,Product_5 50x50,Product_5 50x50,,,,n/fiIMPodCJHUZtr3ddTszBEeIWAgtikKuKlhseZxdqrRtsmxLK+9M6S1UsgtILTpWDoZLIRIN0FDzcSJSsDAimdAddl6Q4U5yoxYgDk0rYFzEElj6855inznkKy0gcQDVyDtW4LF/HTp4POE9dId4mOCZE2JLEBs62LeGnSlPcKM1DgmCvcMKs331bq9y5zmRtdu53W0KxiAkDhqG8lz4kQ61y1udzvy424Z5OA+Fo/VAtGl8SM7OSbIBSzOXfnFGQ2iAKvARFIySq2rVm6nQ==
<HMI runtime>,ProductList,Text_list_entry_9,Text,Product_5 50x50,Product_5 50x50,,,,n/fiIMPodCJHUZtr3ddTszBEeIWAgtikKuKlhseZxdqrRtsmxLK+9M6S1UsgtILTpWDoZLIRIN0FDzcSJSsDAimdAddl6Q4U5yoxYgDk0rYFzEElj6855inznkKy0gcQDVyDtW4LF/HTp4POE9dId4mOCZE2JLEBs62LeGnSlPcKM1DgmCvcMKs331bq9y5zB/DolLqkALM21bucEpXg0T/MDUhVENqqsuB6aOkMrF/mSiXEzhtzM9Cquhl4z1BGB0CsSzLKabedeRctU6UB/w==
<HMI runtime>,ProductList,Text_list_entry_10,Text,Product_5 50x50,Product_5 50x50,,,,n/fiIMPodCJHUZtr3ddTszBEeIWAgtikKuKlhseZxdqrRtsmxLK+9M6S1UsgtILTpWDoZLIRIN0FDzcSJSsDAimdAddl6Q4U5yoxYgDk0rYFzEElj6855inznkKy0gcQDVyDtW4LF/HTp4POE9dId4mOCZE2JLEBs62LeGnSlPcKM1DgmCvcMKs331bq9y5zaO+E16/i6UgaCnhcLb8tntcYMY5/6f9/vqDF34SpS14KIErLpvOiD3496PmFlG3BSzvwkHuRf4xbZ+ScGm5N+w==
<HMI runtime>,ProductList,Text_list_entry_11,Text,Product_5 50x50,Product_5 50x50,,,,n/fiIMPodCJHUZtr3ddTszBEeIWAgtikKuKlhseZxdqrRtsmxLK+9M6S1UsgtILTpWDoZLIRIN0FDzcSJSsDAimdAddl6Q4U5yoxYgDk0rYFzEElj6855inznkKy0gcQDVyDtW4LF/HTp4POE9dId4mOCZE2JLEBs62LeGnSlPcKM1DgmCvcMKs331bq9y5zQVOEV1Oxl2R7/YZ/k3KbLMi+z2KQUVA34HnssfNvqna9QmZGxPiKeMDrqUSCxu32JaPmVV7cqVdEmpgsUWLEJw==
<HMI runtime>,ProductList,Text_list_entry_12,Text,Product_5 50x50,Product_5 50x50,,,,n/fiIMPodCJHUZtr3ddTszBEeIWAgtikKuKlhseZxdqrRtsmxLK+9M6S1UsgtILTpWDoZLIRIN0FDzcSJSsDAimdAddl6Q4U5yoxYgDk0rYFzEElj6855inznkKy0gcQDVyDtW4LF/HTp4POE9dId4mOCZE2JLEBs62LeGnSlPcKM1DgmCvcMKs331bq9y5z51VhkgnuqUA3OoDNQinzSU9HJCBkGh+3Rqjl3EVonpUm2n0D7+9kB0U/G3JGD2JVQXLsN09TzWuJ4z0goYcpSA==
<HMI runtime>,ProductList,Text_list_entry_13,Text,Product_5 50x50,Product_5 50x50,,,,n/fiIMPodCJHUZtr3ddTszBEeIWAgtikKuKlhseZxdqrRtsmxLK+9M6S1UsgtILTpWDoZLIRIN0FDzcSJSsDAimdAddl6Q4U5yoxYgDk0rYFzEElj6855inznkKy0gcQDVyDtW4LF/HTp4POE9dId4mOCZE2JLEBs62LeGnSlPcKM1DgmCvcMKs331bq9y5ziKyMpL9PcInl6mGG5t13/E0scFYVcBKqu6mrZAU+4O65DwLw1SiyrLGnwDonOc3uxSBQrrjvjxA/jRmJf/aXKw==
<HMI runtime>,ProductList,Text_list_entry_14,Text,Product_5 50x50,Product_5 50x50,,,,n/fiIMPodCJHUZtr3ddTszBEeIWAgtikKuKlhseZxdqrRtsmxLK+9M6S1UsgtILTpWDoZLIRIN0FDzcSJSsDAimdAddl6Q4U5yoxYgDk0rYFzEElj6855inznkKy0gcQDVyDtW4LF/HTp4POE9dId4mOCZE2JLEBs62LeGnSlPcKM1DgmCvcMKs331bq9y5zC/ymIuJbVwOt1zjJB7G8LHoTKZLgH89JgoTTFzLaCTljRVxehIP4JHJya5ME9XwyfwTVCBZdARIP69T8I8tsfA==
<HMI runtime>,ProductList,Text_list_entry_15,Text,Product_5 50x50,Product_5 50x50,,,,n/fiIMPodCJHUZtr3ddTszBEeIWAgtikKuKlhseZxdqrRtsmxLK+9M6S1UsgtILTpWDoZLIRIN0FDzcSJSsDAimdAddl6Q4U5yoxYgDk0rYFzEElj6855inznkKy0gcQDVyDtW4LF/HTp4POE9dId4mOCZE2JLEBs62LeGnSlPcKM1DgmCvcMKs331bq9y5zTCXv+1CHgKM8kK9Rn41D8O2Z3HQydc58TB/xUL8m0i9AZpzREsXJg1XjJ3bg0D5QiPVPo3t6i+JT0Bgfz2AcWA==
<HMI runtime>,ProductList,Text_list_entry_16,Text,Product_5 50x50,Product_5 50x50,,,,n/fiIMPodCJHUZtr3ddTszBEeIWAgtikKuKlhseZxdqrRtsmxLK+9M6S1UsgtILTpWDoZLIRIN0FDzcSJSsDAimdAddl6Q4U5yoxYgDk0rYFzEElj6855inznkKy0gcQDVyDtW4LF/HTp4POE9dId4mOCZE2JLEBs62LeGnSlPcKM1DgmCvcMKs331bq9y5zCppK+c29SHzCmgA12dqtXXdTkSJ3OHFtqJNIhDUnjAuwco583JSN7KFeSaV21i/WnbVB3RTZSzeJbYm46z7nyw==
<HMI runtime>,ProductList,Text_list_entry_17,Text,Product_5 50x50,Product_5 50x50,,,,n/fiIMPodCJHUZtr3ddTszBEeIWAgtikKuKlhseZxdqrRtsmxLK+9M6S1UsgtILTpWDoZLIRIN0FDzcSJSsDAimdAddl6Q4U5yoxYgDk0rYFzEElj6855inznkKy0gcQDVyDtW4LF/HTp4POE9dId4mOCZE2JLEBs62LeGnSlPcKM1DgmCvcMKs331bq9y5zy60H+JwHV4D8Xgap0JRUg2u/QoJAKCvkhKaN5h+hHGNfDQJVDMtNO1l/DmvWcgoe+ML03P2GiwYHk82yEP7plw==
<HMI runtime>,ProductList,Text_list_entry_18,Text,Product_5 50x50,Product_5 50x50,,,,n/fiIMPodCJHUZtr3ddTszBEeIWAgtikKuKlhseZxdqrRtsmxLK+9M6S1UsgtILTpWDoZLIRIN0FDzcSJSsDAimdAddl6Q4U5yoxYgDk0rYFzEElj6855inznkKy0gcQDVyDtW4LF/HTp4POE9dId4mOCZE2JLEBs62LeGnSlPcKM1DgmCvcMKs331bq9y5zPJH3wLdQrohm0cMjdgNtYAJMtJhCFYkxCqTXLmMr/13ePRGySSHtJ0q4ieu/Sk07f0XZNvHg0KxKynQ31neHNQ==
<HMI runtime>,ProductList,Text_list_entry_19,Text,Product_5 50x50,Product_5 50x50,,,,n/fiIMPodCJHUZtr3ddTszBEeIWAgtikKuKlhseZxdqrRtsmxLK+9M6S1UsgtILTpWDoZLIRIN0FDzcSJSsDAimdAddl6Q4U5yoxYgDk0rYFzEElj6855inznkKy0gcQDVyDtW4LF/HTp4POE9dId4mOCZE2JLEBs62LeGnSlPcKM1DgmCvcMKs331bq9y5zoC3uZDwLgj1VUs2d9Vqn1MuUeS0En/isFKAYcC0EkIkRgABrM0/MfswoaRyVNC7l69u+i2cT/W5hR0/vNlELBw==
<HMI runtime>,ProductList,Text_list_entry_20,Text,Product_5 50x50,Product_5 50x50,,,,n/fiIMPodCJHUZtr3ddTszBEeIWAgtikKuKlhseZxdqrRtsmxLK+9M6S1UsgtILTpWDoZLIRIN0FDzcSJSsDAimdAddl6Q4U5yoxYgDk0rYFzEElj6855inznkKy0gcQDVyDtW4LF/HTp4POE9dId4mOCZE2JLEBs62LeGnSlPcKM1DgmCvcMKs331bq9y5z/4P+fMHfPq9qh0aqKP3DhQJlygltunKQtmdf6HNI3GzRVl+A2t1vy7tZduYl6EenRyOdc6/L5JgIi4Xz5BUoRg==
<HMI runtime>,ProductList,Text_list_entry_21,Text,Product_5 50x50,Product_5 50x50,,,,n/fiIMPodCJHUZtr3ddTszBEeIWAgtikKuKlhseZxdqrRtsmxLK+9M6S1UsgtILTpWDoZLIRIN0FDzcSJSsDAimdAddl6Q4U5yoxYgDk0rYFzEElj6855inznkKy0gcQDVyDtW4LF/HTp4POE9dId4mOCZE2JLEBs62LeGnSlPcKM1DgmCvcMKs331bq9y5zbGCsav8O6McZ2RLXcWJOTfj0m7dDM7CVFi69TUK6yrqlXN78paZpnm+AzcwVSA7bohM/l+daZyN6b/53SFIBNw==
<HMI runtime>,ProductList,Text_list_entry_22,Text,Product_5 50x50,Product_5 50x50,,,,n/fiIMPodCJHUZtr3ddTszBEeIWAgtikKuKlhseZxdqrRtsmxLK+9M6S1UsgtILTpWDoZLIRIN0FDzcSJSsDAimdAddl6Q4U5yoxYgDk0rYFzEElj6855inznkKy0gcQDVyDtW4LF/HTp4POE9dId4mOCZE2JLEBs62LeGnSlPcKM1DgmCvcMKs331bq9y5zmD56yLUvB5mfeGv0n8GvjSrvbmM931m6Fpbcoi9G2MqNl5aC5Mqjb/eLGhXy5ttRE+ZBLUNQqLPmYzBtI5xIwg==
<HMI runtime>,ProductList,Text_list_entry_23,Text,Product_5 50x50,Product_5 50x50,,,,n/fiIMPodCJHUZtr3ddTszBEeIWAgtikKuKlhseZxdqrRtsmxLK+9M6S1UsgtILTpWDoZLIRIN0FDzcSJSsDAimdAddl6Q4U5yoxYgDk0rYFzEElj6855inznkKy0gcQDVyDtW4LF/HTp4POE9dId4mOCZE2JLEBs62LeGnSlPcKM1DgmCvcMKs331bq9y5zpzQwuKIMfyXvrej03ZO8aM/iArCNbQ0yOnvLtA4l9nBcWgOlndR+rNiVk6/YB4/Y+HpwipvAEfbfpzh027L+nw==
<HMI runtime>,ProductList,Text_list_entry_29,Text,Product_5 50x50,Product_5 50x50,,,,n/fiIMPodCJHUZtr3ddTszBEeIWAgtikKuKlhseZxdqrRtsmxLK+9M6S1UsgtILTpWDoZLIRIN0FDzcSJSsDAimdAddl6Q4U5yoxYgDk0rYFzEElj6855inznkKy0gcQDVyDtW4LF/HTp4POE9dId4mOCZE2JLEBs62LeGnSlPcKM1DgmCvcMKs331bq9y5z37H3A4BdAQgT6d17T+r5Isoophel03SPKzFufTXxjnYUGmtZnhhPQH9Opj6YH50KI9MRvvjJRxOJUqT9mMygNQ==
<HMI runtime>,ProductList,Text_list_entry_30,Text,Product_5 50x50,Product_5 50x50,,,,n/fiIMPodCJHUZtr3ddTszBEeIWAgtikKuKlhseZxdqrRtsmxLK+9M6S1UsgtILTpWDoZLIRIN0FDzcSJSsDAimdAddl6Q4U5yoxYgDk0rYFzEElj6855inznkKy0gcQDVyDtW4LF/HTp4POE9dId4mOCZE2JLEBs62LeGnSlPcKM1DgmCvcMKs331bq9y5ztLxDhjnif3K5pKKy2UDbxHFvU2orBcqyNuzHBeza6Bs6rfTl2oUuVcATMlLggHgq41B7P7nRkv0wQVFiGS/pWA==
<HMI runtime>,ProductList,Text_list_entry_27,Text,Product_5 50x50,Product_5 50x50,,,,n/fiIMPodCJHUZtr3ddTszBEeIWAgtikKuKlhseZxdqrRtsmxLK+9M6S1UsgtILTpWDoZLIRIN0FDzcSJSsDAimdAddl6Q4U5yoxYgDk0rYFzEElj6855inznkKy0gcQDVyDtW4LF/HTp4POE9dId4mOCZE2JLEBs62LeGnSlPcKM1DgmCvcMKs331bq9y5z2DG1vmJRIVY+8EVlhGOQATbUj9NCbaeNzH5OwfOFzOOthiuq4lSV7ze0w5lhlNRtsWFyek721thqN7ncmzkbOA==
<HMI runtime>,ProductList,Text_list_entry_24,Text,Product_5 50x50,Product_5 50x50,,,,n/fiIMPodCJHUZtr3ddTszBEeIWAgtikKuKlhseZxdqrRtsmxLK+9M6S1UsgtILTpWDoZLIRIN0FDzcSJSsDAimdAddl6Q4U5yoxYgDk0rYFzEElj6855inznkKy0gcQDVyDtW4LF/HTp4POE9dId4mOCZE2JLEBs62LeGnSlPcKM1DgmCvcMKs331bq9y5zRxENAB7TuaRXvvSpuwTa+ypOEaUIcj3pJQs6frF2cY2wRqr1oQWfU/QMYb2iO5qlvjVq0TsaDNuzkze0p5iUmA==
<HMI runtime>,ProductList,Text_list_entry_32,Text,Product_5 50x50,Product_5 50x50,,,,n/fiIMPodCJHUZtr3ddTszBEeIWAgtikKuKlhseZxdqrRtsmxLK+9M6S1UsgtILTpWDoZLIRIN0FDzcSJSsDAimdAddl6Q4U5yoxYgDk0rYFzEElj6855inznkKy0gcQDVyDtW4LF/HTp4POE9dId4mOCZE2JLEBs62LeGnSlPcKM1DgmCvcMKs331bq9y5zX4CV8iSO0i9SrlvPs8VEBuTyQ3ZmnMajPPlBH6q1IXKBI+9FdFQ3/OcuENMlSWUUdUCSa3skdGziZFR2gdVkvA==
<HMI runtime>,ProductList,Text_list_entry_35,Text,Product_5 50x50,Product_5 50x50,,,,n/fiIMPodCJHUZtr3ddTszBEeIWAgtikKuKlhseZxdqrRtsmxLK+9M6S1UsgtILTpWDoZLIRIN0FDzcSJSsDAimdAddl6Q4U5yoxYgDk0rYFzEElj6855inznkKy0gcQDVyDtW4LF/HTp4POE9dId4mOCZE2JLEBs62LeGnSlPcKM1DgmCvcMKs331bq9y5zZ0uE3nXqgK05Fo+fLYNkFJjZo9SmRycPyCcHdRi73CWytmY71gW3CV8Kd99+7LgiMoZByC5+pS0uIjlaR+C0/Q==
<HMI runtime>,ProductList,Text_list_entry_31,Text,Product_5 50x50,Product_5 50x50,,,,n/fiIMPodCJHUZtr3ddTszBEeIWAgtikKuKlhseZxdqrRtsmxLK+9M6S1UsgtILTpWDoZLIRIN0FDzcSJSsDAimdAddl6Q4U5yoxYgDk0rYFzEElj6855inznkKy0gcQDVyDtW4LF/HTp4POE9dId4mOCZE2JLEBs62LeGnSlPcKM1DgmCvcMKs331bq9y5zzSdhpQTfhZs4hSwjvtCbWF6Z8WXNfudIwKwn+4OKLjUOg+wejJxFsypFFInRXloOHuYFKyw0rD14+OZGxlkgSA==
<HMI runtime>,ProductList,Text_list_entry_34,Text,Product_5 50x50,Product_5 50x50,,,,n/fiIMPodCJHUZtr3ddTszBEeIWAgtikKuKlhseZxdqrRtsmxLK+9M6S1UsgtILTpWDoZLIRIN0FDzcSJSsDAimdAddl6Q4U5yoxYgDk0rYFzEElj6855inznkKy0gcQDVyDtW4LF/HTp4POE9dId4mOCZE2JLEBs62LeGnSlPcKM1DgmCvcMKs331bq9y5zqHEKJA6d/bHMldcSYXDfGCA7zNrSGEBViVE9WL+5tegp5UW9pHpdXWix67FLDF6ACwVrMPhMx7Lm9Gig47KOyQ==
<HMI runtime>,ProductList,Text_list_entry_36,Text,Product_5 50x50,Product_5 50x50,,,,n/fiIMPodCJHUZtr3ddTszBEeIWAgtikKuKlhseZxdqrRtsmxLK+9M6S1UsgtILTpWDoZLIRIN0FDzcSJSsDAimdAddl6Q4U5yoxYgDk0rYFzEElj6855inznkKy0gcQDVyDtW4LF/HTp4POE9dId4mOCZE2JLEBs62LeGnSlPcKM1DgmCvcMKs331bq9y5zHt7xy0LVYeR1hz0HqysP8GNRSyMNTZz8sXKMZCLaHYDQVssrjkRozBpBvTk2QOkZiWp2IANAJ4T8ruNkWwdryw==
<HMI runtime>,ProductList,Text_list_entry_25,Text,Product_5 50x50,Product_5 50x50,,,,n/fiIMPodCJHUZtr3ddTszBEeIWAgtikKuKlhseZxdqrRtsmxLK+9M6S1UsgtILTpWDoZLIRIN0FDzcSJSsDAimdAddl6Q4U5yoxYgDk0rYFzEElj6855inznkKy0gcQDVyDtW4LF/HTp4POE9dId4mOCZE2JLEBs62LeGnSlPcKM1DgmCvcMKs331bq9y5zttc2NO8b99clniPaVKmA0sP9Msah3tAepMN3aLqmGPnE7UDe4TEeww77cd04O/f05mymQZzPVBHE7NML3zjkww==
<HMI runtime>,ProductList,Text_list_entry_39,Text,Product_5 50x50,Product_5 50x50,,,,n/fiIMPodCJHUZtr3ddTszBEeIWAgtikKuKlhseZxdqrRtsmxLK+9M6S1UsgtILTpWDoZLIRIN0FDzcSJSsDAimdAddl6Q4U5yoxYgDk0rYFzEElj6855inznkKy0gcQDVyDtW4LF/HTp4POE9dId4mOCZE2JLEBs62LeGnSlPcKM1DgmCvcMKs331bq9y5zR3d8Ss4PzXlPHJ8WhDj+RI76WoOaDMDZTiDGEL2neop6D6wbqVIO3sr+zO67FLQowf/Ron1vmnQSmGAlxQ1doQ==
<HMI runtime>,ProductList,Text_list_entry_37,Text,Product_5 50x50,Product_5 50x50,,,,n/fiIMPodCJHUZtr3ddTszBEeIWAgtikKuKlhseZxdqrRtsmxLK+9M6S1UsgtILTpWDoZLIRIN0FDzcSJSsDAimdAddl6Q4U5yoxYgDk0rYFzEElj6855inznkKy0gcQDVyDtW4LF/HTp4POE9dId4mOCZE2JLEBs62LeGnSlPcKM1DgmCvcMKs331bq9y5zZ7RyyViOUAr/wFVZUoISkbGUsVRkFFZmHx2YiFdR/i1Szu2RNZuCLFesFCmd67Vc7DeUorIxSQZZPyshxca1eg==
<HMI runtime>,ProductList,Text_list_entry_33,Text,Product_5 50x50,Product_5 50x50,,,,n/fiIMPodCJHUZtr3ddTszBEeIWAgtikKuKlhseZxdqrRtsmxLK+9M6S1UsgtILTpWDoZLIRIN0FDzcSJSsDAimdAddl6Q4U5yoxYgDk0rYFzEElj6855inznkKy0gcQDVyDtW4LF/HTp4POE9dId4mOCZE2JLEBs62LeGnSlPcKM1DgmCvcMKs331bq9y5z3hb3kZKFVGVgwc1I/MR4rRRvY7HjmPNgYGvMAWpJYSmkPX70mLErsSkFn9Xqjnop8arYM7FgRVX3aN5W6THUYQ==
<HMI runtime>,TextList_ScreenNames,Text_list_entry_1,Text,Screen_1,Screen_1,,,,n/fiIMPodCJHUZtr3ddTszBEeIWAgtikKuKlhseZxdqrRtsmxLK+9M6S1UsgtILTpWDoZLIRIN0FDzcSJSsDAimdAddl6Q4U5yoxYgDk0rYFzEElj6855inznkKy0gcQDVyDtW4LF/HTp4POE9dId4mOCZE2JLEBs62LeGnSlPcKM1DgmCvcMKs331bq9y5zleF4Ezb1h4F+y5hazv3l1opxRSA6ADsDG3xHcFrWvODIEXBMzDJ+rsCXsViIqrXtvsoq5D8+6K+vYq+OtGH12A==
<HMI runtime>,TextList_ScreenNames,Text_list_entry_2,Text,Screen_2,Screen_2,,,,n/fiIMPodCJHUZtr3ddTszBEeIWAgtikKuKlhseZxdqrRtsmxLK+9M6S1UsgtILTpWDoZLIRIN0FDzcSJSsDAimdAddl6Q4U5yoxYgDk0rYFzEElj6855inznkKy0gcQDVyDtW4LF/HTp4POE9dId4mOCZE2JLEBs62LeGnSlPcKM1DgmCvcMKs331bq9y5z20Ad/x6nJP6cTephBNVYdTEGQehse2ngVKHkVkLjEOMSietWWENhGUR8xuHKHES46VuelqgX9+19pUu1urg2aw==
<HMI runtime>,TextList_ScreenNames,Text_list_entry_3,Text,Screen_3,Screen_3,,,,n/fiIMPodCJHUZtr3ddTszBEeIWAgtikKuKlhseZxdqrRtsmxLK+9M6S1UsgtILTpWDoZLIRIN0FDzcSJSsDAimdAddl6Q4U5yoxYgDk0rYFzEElj6855inznkKy0gcQDVyDtW4LF/HTp4POE9dId4mOCZE2JLEBs62LeGnSlPcKM1DgmCvcMKs331bq9y5zF8MRomMWO1PGWVQtomVanXm0a1Z6jsw5SNs9aaC30TcuI34X1felkrANrLdas6rUNr03pgw29x3auv47nrJXzQ==
<HMI comment>,User administration,Enable remote control,Comment,Activates remote authorization for the use of client-server scenarios.,Activates remote authorization for the use of client-server scenarios.,,,,n/fiIMPodCJHUZtr3ddTszBEeIWAgtikKuKlhseZxdqrRtsmxLK+9M6S1UsgtILTpWDoZLIRIN0FDzcSJSsDAimdAddl6Q4U5yoxYgDk0rYFzEElj6855inznkKy0gcQDVyDtW4LF/HTp4POE9dId4mOCZE2JLEBs62LeGnSlPd40e1Q1DWEcmnQ5nraFM+2sFezgjT0+c/0gsgfVk54K/fSIC9RA3wkZnX7j3adBhiafQRKKehqN0o34jdW0ooJQzVh24w2tohPkiSJzk4FPX4bWGN5guPjBOWVKXHF+qNIPx4r/MEY57QzzfB9OJXMVX7z2n/tYnzdq75xzloBjJvXCz7pTMkGZUR/Exz70lM=
<HMI comment>,User administration,Administrator,Comment,The user 'Administrator' is assigned to the 'Administrator' group.,The user 'Administrator' is assigned to the 'Administrator' group.,,,,n/fiIMPodCJHUZtr3ddTszBEeIWAgtikKuKlhseZxdqrRtsmxLK+9M6S1UsgtILTpWDoZLIRIN0FDzcSJSsDAimdAddl6Q4U5yoxYgDk0rYFzEElj6855inznkKy0gcQDVyDtW4LF/HTp4POE9dId4mOCZE2JLEBs62LeGnSlPcKM1DgmCvcMKs331bq9y5zoMOxF5G7B9lmtD2t7HxSbolMjITkCamOZt7jyKytqmG9ysdhAVIi3OAMsAz7nvfgawTx7w+KznuAD4fPvmwPomx7s/O5qh2zJSvkjfMkZxELb7JgzPrKiOqfrVWAosDuF8shitO563R/8EwCuEhk+AA4QVuYO8XgSt0b+k+R4HQ=
<HMI comment>,User administration,Web access - view only,Comment,Web access - view only. Authorization for the use of WebNavigator and for client-server systems.,Web access - view only. Authorization for the use of WebNavigator and for client-server systems.,,,,n/fiIMPodCJHUZtr3ddTszBEeIWAgtikKuKlhseZxdqrRtsmxLK+9M6S1UsgtILTpWDoZLIRIN0FDzcSJSsDAimdAddl6Q4U5yoxYgDk0rYFzEElj6855inznkKy0gcQDVyDtW4LF/HTp4POE9dId4mOCZE2JLEBs62LeGnSlPd40e1Q1DWEcmnQ5nraFM+2T/hJe+V8HtTZD8o+ya9KZOemmX0qf6cop2vPH/fM8fW6VJbcpH3wCji4pi2mTMjJiyGzDEOuBbtA3R5qeyLnUGHBHClREzCndLtijB0EV+Cmzzgqjvqamwq0V97W83/z1/EIsk2LOCcu33bisBFofYZbHpNLPeyDktitNJ49eSE=
